{
"_id":"5efcdfdf08b5b2009bdc3fe6",
"project_id":"8150",
"name":"Person",
"path":"Stuarts_Schemas",
"description":"A simple schema representing a person record - good for performance testing",
"tags":[ "Person" ],
"created_by":"stuart",
"creation_date":"2020-07-01T19:11:27.914+0000",
"updated_by":"stuart",
"update_date":"2020-07-02T09:49:09.078+0000",
"version":32,
"model_version":1,
"type":"tree",
"dictionary":{
"name":"Root",
"class":"category",
"id":0,
"subtypes":[ {
"name":"Person",
"class":"group_sequence",
"id":1,
"id_path":[ 0, 1 ],
"order_subtypes":"ascending"
}, {
"name":"Date",
"class":"item",
"id":2,
"id_path":[ 0, 2 ],
"order_subtypes":"ascending"
}, {
"name":"ZIP_Code",
"class":"item",
"id":3,
"id_path":[ 0, 3 ],
"order_subtypes":"ascending"
}, {
"name":"First_Name",
"class":"item",
"id":4,
"id_path":[ 0, 4 ],
"order_subtypes":"ascending"
}, {
"name":"Last_Name",
"class":"item",
"id":5,
"id_path":[ 0, 5 ],
"order_subtypes":"ascending"
}, {
"name":"Street_Name",
"class":"item",
"id":6,
"id_path":[ 0, 6 ],
"order_subtypes":"ascending"
}, {
"name":"Suffix",
"class":"item",
"id":7,
"id_path":[ 0, 7 ],
"order_subtypes":"ascending"
}, {
"name":"Age",
"class":"item",
"id":8,
"id_path":[ 0, 8 ],
"order_subtypes":"ascending"
} ],
"has_children":true,
"id_path":[ 0 ],
"order_subtypes":"ascending"
},
"properties":[ {
"class":"category",
"syntax":{
"initiator":{
"delimiter_type":"none",
"language":{
"national_language":0,
"data_language":0
},
"find":false,
"ignore_case":false
},
"terminator":{
"delimiter_type":"none",
"language":{
"national_language":0,
"data_language":0
},
"find":false,
"ignore_case":false
},
"release":{
"delimiter_type":"none",
"language":{
"national_language":0,
"data_language":0
},
"find":false,
"ignore_case":false
},
"empty":{
"delimiter_type":"none",
"language":{
"national_language":0,
"data_language":0
},
"find":false,
"ignore_case":false
},
"empty_flags":"always"
},
"order_subtypes":"ascending",
"id":0
}, {
"class":"group",
"syntax":{
"initiator":{
"delimiter_type":"none",
"language":{
"national_language":0,
"data_language":0
},
"find":false,
"ignore_case":false
},
"terminator":{
"delimiter_type":"none",
"language":{
"national_language":0,
"data_language":0
},
"find":false,
"ignore_case":false
},
"release":{
"delimiter_type":"none",
"language":{
"national_language":0,
"data_language":0
},
"find":false,
"ignore_case":false
},
"empty":{
"delimiter_type":"none",
"language":{
"national_language":0,
"data_language":0
},
"find":false,
"ignore_case":false
},
"empty_flags":"always"
},
"order_subtypes":"ascending",
"id":1,
"description":"A Simple Person Record"
}, {
"class":"item",
"syntax":{
"initiator":{
"delimiter_type":"none",
"language":{
"national_language":0,
"data_language":0
},
"find":false,
"ignore_case":false
},
"terminator":{
"delimiter_type":"none",
"language":{
"national_language":0,
"data_language":0
},
"find":false,
"ignore_case":false
},
"release":{
"delimiter_type":"none",
"language":{
"national_language":0,
"data_language":0
},
"find":false,
"ignore_case":false
},
"empty":{
"delimiter_type":"none",
"language":{
"national_language":0,
"data_language":0
},
"find":false,
"ignore_case":false
},
"empty_flags":"always"
},
"order_subtypes":"ascending",
"id":2,
"description":"Generated Date",
"item_props":{
"subclass_type":"datetime",
"restriction_props":{
"type_of_restriction":"range"
},
"text_props":{
"regular_expression":"undefined"
},
"date_props":{
"format":"{DD/MM/CCYY}"
}
}
}, {
"class":"item",
"syntax":{
"initiator":{
"delimiter_type":"none",
"language":{
"national_language":0,
"data_language":0
},
"find":false,
"ignore_case":false
},
"terminator":{
"delimiter_type":"none",
"language":{
"national_language":0,
"data_language":0
},
"find":false,
"ignore_case":false
},
"release":{
"delimiter_type":"none",
"language":{
"national_language":0,
"data_language":0
},
"find":false,
"ignore_case":false
},
"empty":{
"delimiter_type":"none",
"language":{
"national_language":0,
"data_language":0
},
"find":false,
"ignore_case":false
},
"empty_flags":"always"
},
"order_subtypes":"ascending",
"id":3,
"description":"Using US Address Source",
"item_props":{
"restriction_props":{
"values_from_file":true,
"values_file":"USAddresses.csv",
"values_col_num":6,
"has_headers":true
}
}
}, {
"class":"item",
"syntax":{
"initiator":{
"delimiter_type":"none",
"language":{
"national_language":0,
"data_language":0
},
"find":false,
"ignore_case":false
},
"terminator":{
"delimiter_type":"none",
"language":{
"national_language":0,
"data_language":0
},
"find":false,
"ignore_case":false
},
"release":{
"delimiter_type":"none",
"language":{
"national_language":0,
"data_language":0
},
"find":false,
"ignore_case":false
},
"empty":{
"delimiter_type":"none",
"language":{
"national_language":0,
"data_language":0
},
"find":false,
"ignore_case":false
},
"empty_flags":"always"
},
"order_subtypes":"ascending",
"id":4,
"description":"Using US Names Source",
"item_props":{
"restriction_props":{
"values_from_file":true,
"values_file":"USNames.csv",
"values_col_num":1
}
}
}, {
"class":"item",
"syntax":{
"initiator":{
"delimiter_type":"none",
"language":{
"national_language":0,
"data_language":0
},
"find":false,
"ignore_case":false
},
"terminator":{
"delimiter_type":"none",
"language":{
"national_language":0,
"data_language":0
},
"find":false,
"ignore_case":false
},
"release":{
"delimiter_type":"none",
"language":{
"national_language":0,
"data_language":0
},
"find":false,
"ignore_case":false
},
"empty":{
"delimiter_type":"none",
"language":{
"national_language":0,
"data_language":0
},
"find":false,
"ignore_case":false
},
"empty_flags":"always"
},
"order_subtypes":"ascending",
"id":5,
"description":"Using US Names Source",
"item_props":{
"restriction_props":{
"values_from_file":true,
"values_file":"USNames.csv",
"values_col_num":3
}
}
}, {
"class":"item",
"syntax":{
"initiator":{
"delimiter_type":"none",
"language":{
"national_language":0,
"data_language":0
},
"find":false,
"ignore_case":false
},
"terminator":{
"delimiter_type":"none",
"language":{
"national_language":0,
"data_language":0
},
"find":false,
"ignore_case":false
},
"release":{
"delimiter_type":"none",
"language":{
"national_language":0,
"data_language":0
},
"find":false,
"ignore_case":false
},
"empty":{
"delimiter_type":"none",
"language":{
"national_language":0,
"data_language":0
},
"find":false,
"ignore_case":false
},
"empty_flags":"always"
},
"order_subtypes":"ascending",
"id":6,
"description":"Using US Address Source",
"item_props":{
"restriction_props":{
"values_from_file":true,
"values_file":"USAddresses.csv",
"values_col_num":2
}
}
}, {
"class":"item",
"syntax":{
"initiator":{
"delimiter_type":"none",
"language":{
"national_language":0,
"data_language":0
},
"find":false,
"ignore_case":false
},
"terminator":{
"delimiter_type":"none",
"language":{
"national_language":0,
"data_language":0
},
"find":false,
"ignore_case":false
},
"release":{
"delimiter_type":"none",
"language":{
"national_language":0,
"data_language":0
},
"find":false,
"ignore_case":false
},
"empty":{
"delimiter_type":"none",
"language":{
"national_language":0,
"data_language":0
},
"find":false,
"ignore_case":false
},
"empty_flags":"always"
},
"order_subtypes":"ascending",
"id":7,
"description":"Using Person Suffix Source",
"item_props":{
"restriction_props":{
"values_from_file":true,
"values_file":"person_suffix.csv",
"values_col_num":0
}
}
}, {
"class":"item",
"syntax":{
"initiator":{
"delimiter_type":"none",
"language":{
"national_language":0,
"data_language":0
},
"find":false,
"ignore_case":false
},
"terminator":{
"delimiter_type":"none",
"language":{
"national_language":0,
"data_language":0
},
"find":false,
"ignore_case":false
},
"release":{
"delimiter_type":"none",
"language":{
"national_language":0,
"data_language":0
},
"find":false,
"ignore_case":false
},
"empty":{
"delimiter_type":"none",
"language":{
"national_language":0,
"data_language":0
},
"find":false,
"ignore_case":false
},
"empty_flags":"always"
},
"order_subtypes":"ascending",
"id":8,
"description":"Age range 1 to 99",
"item_props":{
"subclass_type":"number",
"number_props":{
"size":{
"min":1,
"max":2
}
}
}
} ],
"structures":[ {
"components":[ {
"max_range":1,
"min_range":1,
"type_path":"7",
"type_id":7,
"is_ident":false,
"is_restart":false,
"is_sized":false,
"is_include_self":false,
"relative_path":"Suffix",
"type_class":"item"
}, {
"max_range":1,
"min_range":1,
"type_path":"6",
"type_id":6,
"is_ident":false,
"is_restart":false,
"is_sized":false,
"is_include_self":false,
"relative_path":"Street_Name",
"type_class":"item"
}, {
"max_range":1,
"min_range":1,
"type_path":"5",
"type_id":5,
"is_ident":false,
"is_restart":false,
"is_sized":false,
"is_include_self":false,
"relative_path":"Last_Name",
"type_class":"item"
}, {
"max_range":1,
"min_range":1,
"type_path":"8",
"type_id":8,
"is_ident":false,
"is_restart":false,
"is_sized":false,
"is_include_self":false,
"relative_path":"Age",
"type_class":"item"
}, {
"max_range":1,
"min_range":1,
"type_path":"4",
"type_id":4,
"is_ident":false,
"is_restart":false,
"is_sized":false,
"is_include_self":false,
"relative_path":"First_Name",
"type_class":"item"
}, {
"max_range":1,
"min_range":1,
"type_path":"3",
"type_id":3,
"is_ident":false,
"is_restart":false,
"is_sized":false,
"is_include_self":false,
"relative_path":"ZIP_Code",
"type_class":"item"
}, {
"max_range":1,
"min_range":1,
"type_path":"2",
"type_id":2,
"is_ident":false,
"is_restart":false,
"is_sized":false,
"is_include_self":false,
"relative_path":"Date",
"type_class":"item"
} ],
"id":1,
"type_name":"Person",
"type_class":"group_sequence"
} ],
"current_id":9,
"candidate_roots":[ 1 ],
"current_types":9
}