{
"_id":"5efdadc408b5b200bcb45570",
"project_id":"8150",
"name":"person_import",
"tags":[ "" ],
"created_by":"stuart",
"creation_date":"2020-07-02T09:49:56.476+0000",
"read_only":true,
"version":1,
"model_version":1,
"type":"json",
"dictionary":{
"name":"JSON",
"class":"category",
"id":0,
"subtypes":[ {
"name":"JSON",
"class":"group_sequence",
"id":1,
"subtypes":[ {
"name":"encoding",
"class":"item",
"id":2,
"has_children":false,
"id_path":[ 0, 1, 2 ],
"order_subtypes":"user_defined"
}, {
"name":"JSON",
"class":"group_unordered",
"id":3,
"subtypes":[ {
"name":"Person",
"class":"group_unordered",
"id":4,
"subtypes":[ {
"name":"First_Name",
"class":"item",
"id":5,
"has_children":false,
"id_path":[ 0, 1, 3, 4, 5 ],
"order_subtypes":"user_defined"
}, {
"name":"Suffix",
"class":"item",
"id":6,
"has_children":false,
"id_path":[ 0, 1, 3, 4, 6 ],
"order_subtypes":"user_defined"
}, {
"name":"Street_Name",
"class":"item",
"id":7,
"has_children":false,
"id_path":[ 0, 1, 3, 4, 7 ],
"order_subtypes":"user_defined"
}, {
"name":"ZIP_Code",
"class":"item",
"id":8,
"has_children":false,
"id_path":[ 0, 1, 3, 4, 8 ],
"order_subtypes":"user_defined"
}, {
"name":"Last_Name",
"class":"item",
"id":9,
"has_children":false,
"id_path":[ 0, 1, 3, 4, 9 ],
"order_subtypes":"user_defined"
}, {
"name":"Age",
"class":"item",
"id":10,
"has_children":false,
"id_path":[ 0, 1, 3, 4, 10 ],
"order_subtypes":"user_defined"
}, {
"name":"Date",
"class":"item",
"id":11,
"has_children":false,
"id_path":[ 0, 1, 3, 4, 11 ],
"order_subtypes":"user_defined"
} ],
"has_children":true,
"id_path":[ 0, 1, 3, 4 ],
"order_subtypes":"user_defined"
} ],
"has_children":true,
"id_path":[ 0, 1, 3 ],
"order_subtypes":"user_defined"
} ],
"has_children":true,
"id_path":[ 0, 1 ]
} ],
"has_children":true,
"id_path":[ 0 ],
"order_subtypes":"user_defined"
},
"properties":[ {
"class":"category",
"order_subtypes":"user_defined",
"id":0,
"doc_type":"DOC_XML",
"location":"e88fbff37a610199e8f37df6702aa5b4-1593683396135-person.json",
"metadata":"MD_Schema",
"item_props":{
"subclass_type":"number",
"restriction_props":{
"type_of_restriction":"value"
},
"language":{
"national_language":0,
"data_language":0
},
"interpret_as":"character",
"number_props":{
"presentation":"integer",
"byte_length":0,
"byte_order":"native",
"size":{
"min":0,
"max":1
},
"separators":{
"has_separators":false
},
"sign":{
"has_sign":false,
"value":"unsigned",
"if_pos_req_on_input":false,
"if_neg_req_on_input":false,
"if0_req_on_input":false
},
"numeric_shaping":"arabic_indic",
"decimal_min":0,
"decimal_max":0,
"whole_num_min":0,
"whole_num_max":0
}
},
"group_props":{
"subclass_type":"unordered",
"format":{
"component_syntax":"none"
}
},
"mark":0
}, {
"id":1
}, {
"class":"item",
"order_subtypes":"user_defined",
"id":2,
"doc_type":"DOC_XML",
"location":"e88fbff37a610199e8f37df6702aa5b4-1593683396135-person.json",
"metadata":"MD_Schema",
"item_props":{
"subclass_type":"text",
"restriction_props":{
"type_of_restriction":"value"
},
"language":{
"national_language":0,
"data_language":12
},
"interpret_as":"character",
"text_props":{
"is_symmetric_swapping":true,
"ordering_scheme":"logical",
"orientation":"ltr",
"is_text_shaped":true
}
},
"partitioned":false,
"mark":0
}, {
"class":"group",
"order_subtypes":"user_defined",
"id":3,
"doc_type":"DOC_XML",
"location":"e88fbff37a610199e8f37df6702aa5b4-1593683396135-person.json",
"metadata":"MD_Schema",
"group_props":{
"subclass_type":"unordered",
"format":{
"component_syntax":"none"
}
},
"mark":0
}, {
"class":"group",
"order_subtypes":"user_defined",
"id":4,
"doc_type":"DOC_XML",
"location":"e88fbff37a610199e8f37df6702aa5b4-1593683396135-person.json",
"metadata":"MD_Schema",
"group_props":{
"subclass_type":"unordered",
"format":{
"component_syntax":"none"
}
},
"mark":0
}, {
"class":"item",
"order_subtypes":"user_defined",
"id":5,
"doc_type":"DOC_XML",
"location":"e88fbff37a610199e8f37df6702aa5b4-1593683396135-person.json",
"metadata":"MD_Schema",
"item_props":{
"subclass_type":"text",
"restriction_props":{
"type_of_restriction":"value"
},
"language":{
"national_language":0,
"data_language":12
},
"interpret_as":"character",
"text_props":{
"is_symmetric_swapping":true,
"ordering_scheme":"logical",
"orientation":"ltr",
"is_text_shaped":true
}
},
"partitioned":false,
"mark":0
}, {
"class":"item",
"order_subtypes":"user_defined",
"id":6,
"doc_type":"DOC_XML",
"location":"e88fbff37a610199e8f37df6702aa5b4-1593683396135-person.json",
"metadata":"MD_Schema",
"item_props":{
"subclass_type":"text",
"restriction_props":{
"type_of_restriction":"value"
},
"language":{
"national_language":0,
"data_language":12
},
"interpret_as":"character",
"text_props":{
"is_symmetric_swapping":true,
"ordering_scheme":"logical",
"orientation":"ltr",
"is_text_shaped":true
}
},
"partitioned":false,
"mark":0
}, {
"class":"item",
"order_subtypes":"user_defined",
"id":7,
"doc_type":"DOC_XML",
"location":"e88fbff37a610199e8f37df6702aa5b4-1593683396135-person.json",
"metadata":"MD_Schema",
"item_props":{
"subclass_type":"text",
"restriction_props":{
"type_of_restriction":"value"
},
"language":{
"national_language":0,
"data_language":12
},
"interpret_as":"character",
"text_props":{
"is_symmetric_swapping":true,
"ordering_scheme":"logical",
"orientation":"ltr",
"is_text_shaped":true
}
},
"partitioned":false,
"mark":0
}, {
"class":"item",
"order_subtypes":"user_defined",
"id":8,
"doc_type":"DOC_XML",
"location":"e88fbff37a610199e8f37df6702aa5b4-1593683396135-person.json",
"metadata":"MD_Schema",
"item_props":{
"subclass_type":"number",
"restriction_props":{
"type_of_restriction":"value"
},
"language":{
"national_language":0,
"data_language":12
},
"interpret_as":"character",
"number_props":{
"presentation":"decimal",
"byte_length":0,
"byte_order":"native",
"separators":{
"has_separators":true,
"format":"opt_decimal_no_thousand",
"fraction_delimiter":{
"delimiter_type":"literal",
"value":".",
"find":false
}
},
"sign":{
"has_sign":true,
"value":"leading_neg",
"if_pos_leading":"+",
"if_pos_req_on_input":false,
"if_neg_leading":"-",
"if_neg_req_on_input":true,
"if0_leading":"+",
"if0_req_on_input":false
},
"numeric_shaping":"arabic_indic",
"decimal_min":0,
"decimal_max":0,
"whole_num_min":1,
"whole_num_max":0
}
},
"partitioned":false,
"mark":0
}, {
"class":"item",
"order_subtypes":"user_defined",
"id":9,
"doc_type":"DOC_XML",
"location":"e88fbff37a610199e8f37df6702aa5b4-1593683396135-person.json",
"metadata":"MD_Schema",
"item_props":{
"subclass_type":"text",
"restriction_props":{
"type_of_restriction":"value"
},
"language":{
"national_language":0,
"data_language":12
},
"interpret_as":"character",
"text_props":{
"is_symmetric_swapping":true,
"ordering_scheme":"logical",
"orientation":"ltr",
"is_text_shaped":true
}
},
"partitioned":false,
"mark":0
}, {
"class":"item",
"order_subtypes":"user_defined",
"id":10,
"doc_type":"DOC_XML",
"location":"e88fbff37a610199e8f37df6702aa5b4-1593683396135-person.json",
"metadata":"MD_Schema",
"item_props":{
"subclass_type":"number",
"restriction_props":{
"type_of_restriction":"value"
},
"language":{
"national_language":0,
"data_language":12
},
"interpret_as":"character",
"number_props":{
"presentation":"decimal",
"byte_length":0,
"byte_order":"native",
"separators":{
"has_separators":true,
"format":"opt_decimal_no_thousand",
"fraction_delimiter":{
"delimiter_type":"literal",
"value":".",
"find":false
}
},
"sign":{
"has_sign":true,
"value":"leading_neg",
"if_pos_leading":"+",
"if_pos_req_on_input":false,
"if_neg_leading":"-",
"if_neg_req_on_input":true,
"if0_leading":"+",
"if0_req_on_input":false
},
"numeric_shaping":"arabic_indic",
"decimal_min":0,
"decimal_max":0,
"whole_num_min":1,
"whole_num_max":0
}
},
"partitioned":false,
"mark":0
}, {
"class":"item",
"order_subtypes":"user_defined",
"id":11,
"doc_type":"DOC_XML",
"location":"e88fbff37a610199e8f37df6702aa5b4-1593683396135-person.json",
"metadata":"MD_Schema",
"item_props":{
"subclass_type":"text",
"restriction_props":{
"type_of_restriction":"value"
},
"language":{
"national_language":0,
"data_language":12
},
"interpret_as":"character",
"text_props":{
"is_symmetric_swapping":true,
"ordering_scheme":"logical",
"orientation":"ltr",
"is_text_shaped":true
}
},
"partitioned":false,
"mark":0
} ],
"structures":[ {
"components":[ {
"max_range":1,
"min_range":0,
"type_path":"2",
"type_id":2
}, {
"max_range":1,
"min_range":1,
"type_path":"3",
"type_id":3
} ],
"id":0
}, {
"components":[ {
"max_range":1,
"min_range":0,
"type_path":"4",
"type_id":4
} ],
"id":3
}, {
"components":[ {
"max_range":1,
"min_range":0,
"type_path":"5",
"type_id":5
}, {
"max_range":1,
"min_range":0,
"type_path":"6",
"type_id":6
}, {
"max_range":1,
"min_range":0,
"type_path":"7",
"type_id":7
}, {
"max_range":1,
"min_range":0,
"type_path":"8",
"type_id":8
}, {
"max_range":1,
"min_range":0,
"type_path":"9",
"type_id":9
}, {
"max_range":1,
"min_range":0,
"type_path":"10",
"type_id":10
}, {
"max_range":1,
"min_range":0,
"type_path":"11",
"type_id":11
} ],
"id":4
}, {
"components":[ {
"max_range":1,
"min_range":0,
"type_path":"2",
"type_id":2
}, {
"max_range":1,
"min_range":1,
"type_path":"3",
"type_id":3
} ],
"id":1
} ],
"current_id":12,
"candidate_roots":[ 0, 1 ],
"current_types":12
}