Number,StreetUC,Street,CityUC,City,State,Zip,Source,Attributions
538,PITTSBORO GOLDSTON RD,Pittsboro Goldston Rd,PITTSBORO,Pittsboro,NC,27312,Sourced from openaddresses.io,us/ny/city_of_rochester
826,N SUMMIT ST,N Summit St,TOLEDO,Toledo,OH,43604,,Website: http://maps.cityofrochester.gov/propinfo/
10114,TIMBERLAND DRIVE,Timberland Drive,Grass Valley,Grass Valley,CA,95949,,License: Unknown
990,ALAMO RD,Alamo Rd,LOS ALAMOS,Los Alamos,NM,87544,,Required attribution: Yes
1715,SYKES ST,Sykes St,BURLINGTON,Burlington,NC,27215,,us/nc/alamance
322,LAGRANGE ST,Lagrange St,TOLEDO,Toledo,OH,43604,,Website: http://apps.alamance-nc.com/gisftp/
110,ALAMANCE RD,Alamance Rd,BURLINGTON,Burlington,NC,27215,,License: Unknown
1136,N CO HIGHWAY 395,N Co Highway 395,SANTA ROSA BEACH,Santa Rosa Beach,FL,32459,,Required attribution: Yes
39,S SUMMIT ST,S Summit St,TOLEDO,Toledo,OH,43604,,us/nc/chatham
405,MCKINLEY CT,Mckinley Ct,MEBANE,Mebane,NC,27302,,Website: http://www.chathamnc.org/Index.aspx?page=123
954,CAPULIN RD,Capulin Rd,LOS ALAMOS,Los Alamos,NM,87544,,License: Unknown
10265,DALEWOOD WAY,Dalewood Way,Grass Valley,Grass Valley,CA,95949,,Required attribution: Yes
629,COUNTRY CLUB DR,Country Club Dr,BURLINGTON,Burlington,NC,27215,,us/fl/walton
195,PLAZA DR,Plaza Dr,CHAPEL HILL,Chapel Hill,NC,27517,,Website: http://www.co.walton.fl.us/index.aspx?NID=926
163,REBECCA LN,Rebecca Ln,SILER CITY,Siler City,NC,27344,,License: Indemnification (http://www.co.walton.fl.us/index.aspx?nid=926)
2023,GIBSONVILLE OSSIPEE RD,Gibsonville Ossipee Rd,ALAMANCECOUNTY,Alamancecounty,NC,27244,,Required attribution: Yes
672,GEES GROVE RD,Gees Grove Rd,SILER CITY,Siler City,NC,27344,,us/nm/los_alamos
1005,N SUMMIT ST,N Summit St,TOLEDO,Toledo,OH,43604,,Website: Unknown
530,BROWN ST,Brown St,ROCHESTER,Rochester,NY,14611,,License: Unknown
10286,DALEWOOD WAY,Dalewood Way,Grass Valley,Grass Valley,CA,95949,,Required attribution: Yes
2313,48TH ST,48Th St,LOS ALAMOS,Los Alamos,NM,87544,,us/ca/nevada
660,CAMINO CEREZA,Camino Cereza,LOS ALAMOS,Los Alamos,NM,87544,,Website: http://data.nevcounty.opendata.arcgis.com/
305,BUSH ST,Bush St,TOLEDO,Toledo,OH,43604,,License: Unknown
1187,GREAT HAMMOCK BEND,Great Hammock Bend,FREEPORT,Freeport,FL,32439,,"Required attribution: County of Nevada, California"
3415,QUESTA DR,Questa Dr,LOS ALAMOS,Los Alamos,NM,87544,,
1360,OAKLEY CHURCH RD,Oakley Church Rd,BEAR CREEK,Bear Creek,NC,27207,,us/or/gresham
204,LAUREL HIL DR,Laurel Hil Dr,BURLINGTON,Burlington,NC,27215,,Website: Unknown
10024,GOLDEN SHORE DRIVE,Golden Shore Drive,Grass Valley,Grass Valley,CA,95949,,License: Unknown
431,REMINGTON ST,Remington St,ROCHESTER,Rochester,NY,14621,,Required attribution: Yes
60,ANDREWS STORE RD,Andrews Store Rd,PITTSBORO,Pittsboro,NC,27312,,us/or/portland
14857,HIDDEN ROCK DRIVE,Hidden Rock Drive,Grass Valley,Grass Valley,CA,95949,,Website: Unknown
35,BROCTON ST,Brocton St,ROCHESTER,Rochester,NY,14612,,License: Unknown
1624,SILER CITY GLENDON RD,Siler City Glendon Rd,SILER CITY,Siler City,NC,27344,,Required attribution: Yes
5054,CO HIGHWAY 1883,Co Highway 1883,DEFUNIAK SPRINGS,Defuniak Springs,FL,32433,,us/oh/toledo
7404,BUNKER RD,Bunker Rd,VERNON,Vernon,FL,32462,,Website: Unknown
116,NOWLING DR,Nowling Dr,DEFUNIAK SPRINGS,Defuniak Springs,FL,32433,,License: Unknown
10111,SAWMILL LOOP,Sawmill Loop,Grass Valley,Grass Valley,CA,95949,,Required attribution: Yes
403,MCKINLEY CT,Mckinley Ct,MEBANE,Mebane,NC,27302,,
1228,N SUPERIOR ST,N Superior St,TOLEDO,Toledo,OH,43604,,
1314,OAK RIDGE RD,Oak Ridge Rd,DEFUNIAK SPRINGS,Defuniak Springs,FL,32433,,
203,COLVIN ST,Colvin St,ROCHESTER,Rochester,NY,14611,,
1148,ADMINISTRATION DR,Administration Dr,MIRAMAR BEACH,Miramar Beach,FL,32550,,
110,MY WAY,My Way,SANTA ROSA BEACH,Santa Rosa Beach,FL,32459,,
14819,RYDER COURT,Ryder Court,Grass Valley,Grass Valley,CA,95949,,
15,MERIDEN ST,Meriden St,ROCHESTER,Rochester,NY,14612,,
10232,TIMBERLAND DRIVE,Timberland Drive,Grass Valley,Grass Valley,CA,95949,,
296,HOWARD GILLILAND RD,Howard Gilliland Rd,SILER CITY,Siler City,NC,27344,,
1323,N SUMMIT ST,N Summit St,TOLEDO,Toledo,OH,43604,,
815,N SUMMIT ST,N Summit St,TOLEDO,Toledo,OH,43604,,
10215,TIMBERLAND DRIVE,Timberland Drive,Grass Valley,Grass Valley,CA,95949,,
1232,N SUPERIOR ST,N Superior St,TOLEDO,Toledo,OH,43604,,
14867,HIDDEN ROCK DRIVE,Hidden Rock Drive,Grass Valley,Grass Valley,CA,95949,,
102,HENLEY ST,Henley St,ROCHESTER,Rochester,NY,14612,,
10061,GOLDEN SHORE DRIVE,Golden Shore Drive,Grass Valley,Grass Valley,CA,95949,,
118,ALAMANCE RD,Alamance Rd,BURLINGTON,Burlington,NC,27215,,
115,S SUMMIT ST,S Summit St,TOLEDO,Toledo,OH,43604,,
1202,N SUPERIOR ST,N Superior St,TOLEDO,Toledo,OH,43604,,
531,BROWN ST,Brown St,ROCHESTER,Rochester,NY,14611,,
102,CHELSEA DR,Chelsea Dr,SANTA ROSA BEACH,Santa Rosa Beach,FL,32459,,
169,TAOS,Taos,LOS ALAMOS,Los Alamos,NM,87544,,
185,PLAZA DR,Plaza Dr,CHAPEL HILL,Chapel Hill,NC,27517,,
2383,46TH ST,46Th St,LOS ALAMOS,Los Alamos,NM,87544,,
10703,E CO HIGHWAY 30A,E Co Highway 30A,INLET BEACH,Inlet Beach,FL,32461,,
261,BEACH AV,Beach Av,ROCHESTER,Rochester,NY,14612,,
1620,SYKES ST,Sykes St,BURLINGTON,Burlington,NC,27215,,
2437,ANTIOCH CEMETERY RD,Antioch Cemetery Rd,PONCE DE LEON,Ponce De Leon,FL,32455,,
329,ELM ST,Elm St,TOLEDO,Toledo,OH,43604,,
1500,N SUPERIOR ST,N Superior St,TOLEDO,Toledo,OH,43604,,
968,NAMBE LOOP,Nambe Loop,LOS ALAMOS,Los Alamos,NM,87544,,
11068,CO HIGHWAY 3280,Co Highway 3280,PONCE DE LEON,Ponce De Leon,FL,32455,,
2415,SE HACIENDA AVE,Se Hacienda Ave,GRESHAM,Gresham,OR,97080,,
1401,N SUMMIT ST,N Summit St,TOLEDO,Toledo,OH,43604,,
10,BAYSHORE PINES CT,Bayshore Pines Ct,MIRAMAR BEACH,Miramar Beach,FL,32550,,
0,WATER ST,Water St,TOLEDO,Toledo,OH,43604,,
819,OLD US 421  S,Old Us 421  S,SILER CITY,Siler City,NC,27344,,
1505,CO HIGHWAY 283  S,Co Highway 283  S,SANTA ROSA BEACH,Santa Rosa Beach,FL,32459,,
31004,RELIEF HILL ROAD,Relief Hill Road,Nevada City,Nevada City,CA,95959,,
415,MCKINLEY PL,Mckinley Pl,MEBANE,Mebane,NC,27302,,
111,OGLESBY RD,Oglesby Rd,DEFUNIAK SPRINGS,Defuniak Springs,FL,32435,,
10171,SAWMILL LOOP,Sawmill Loop,Grass Valley,Grass Valley,CA,95949,,
1365,NE 16TH WAY,Ne 16Th Way,GRESHAM,Gresham,OR,97030,,
2636,TRAIL FIVE,Trail Five,BURLINGTON,Burlington,NC,27215,,
1335,N SUMMIT ST,N Summit St,TOLEDO,Toledo,OH,43604,,
50,SAN JUAN,San Juan,LOS ALAMOS,Los Alamos,NM,87544,,
622,ERVIN HEADEN RD,Ervin Headen Rd,SILER CITY,Siler City,NC,27344,,
921,JOE BROWN RD,Joe Brown Rd,BEAR CREEK,Bear Creek,NC,27207,,
131,CHILD ST,Child St,ROCHESTER,Rochester,NY,14611,,
1419,NE 16TH WAY,Ne 16Th Way,GRESHAM,Gresham,OR,97030,,
1713,OAK GROVE RD,Oak Grove Rd,WESTVILLE,Westville,FL,32464,,
55,CAMDEN ST,Camden St,ROCHESTER,Rochester,NY,14612,,
1420,SIOUX,Sioux,LOS ALAMOS,Los Alamos,NM,87544,,
635,COUNTRY CLUB DR,Country Club Dr,BURLINGTON,Burlington,NC,27215,,
1223,N SUMMIT ST,N Summit St,TOLEDO,Toledo,OH,43604,,
10019,RAGGIO PLACE,Raggio Place,Grass Valley,Grass Valley,CA,95949,,
10091,DALEWOOD WAY,Dalewood Way,Grass Valley,Grass Valley,CA,95949,,
202,LAUREL HILL DR,Laurel Hill Dr,BURLINGTON,Burlington,NC,27215,,
967,TSANKAWI,Tsankawi,LOS ALAMOS,Los Alamos,NM,87544,,
14860,FINE DRIVE,Fine Drive,Grass Valley,Grass Valley,CA,95949,,
236,SW COLLINS ST,Sw Collins St,PORTLAND,Portland,OR,97219,,
1543,NE 16TH WAY,Ne 16Th Way,GRESHAM,Gresham,OR,97030,,
1274,SEXTON RD,Sexton Rd,DEFUNIAK SPRINGS,Defuniak Springs,FL,32433,,
80,CLEMATIS ST,Clematis St,ROCHESTER,Rochester,NY,14612,,
824,N SUPERIOR ST,N Superior St,TOLEDO,Toledo,OH,43604,,
1408,RED HILL RD,Red Hill Rd,PONCE DE LEON,Ponce De Leon,FL,32455,,
1302,N SUPERIOR ST,N Superior St,TOLEDO,Toledo,OH,43604,,
21336,SE ALDER CT,Se Alder Ct,GRESHAM,Gresham,OR,97030,,
631,SE 215TH AVE,Se 215Th Ave,GRESHAM,Gresham,OR,97030,,
218,SYCAMORE ST,Sycamore St,TOLEDO,Toledo,OH,43612,,
1824,S CHURCH ST,S Church St,BURLINGTON,Burlington,NC,27215,,
2301,CANYON GLEN,Canyon Glen,LOS ALAMOS,Los Alamos,NM,87544,,
1299,NE 16TH ST,Ne 16Th St,GRESHAM,Gresham,OR,97030,,
1556,OVERBROOK RD,Overbrook Rd,BURLINGTON,Burlington,NC,27215,,
3601,SE 24TH CT,Se 24Th Ct,GRESHAM,Gresham,OR,97080,,
10169,WOODLEAF CIRCLE,Woodleaf Circle,Grass Valley,Grass Valley,CA,95949,,
236,SW FLOWER ST,Sw Flower St,PORTLAND,Portland,OR,97239,,
10184,WOODLEAF CIRCLE,Woodleaf Circle,Grass Valley,Grass Valley,CA,95949,,
40,SAN JUAN,San Juan,LOS ALAMOS,Los Alamos,NM,87544,,
149,DOGGONE RD,Doggone Rd,SILER CITY,Siler City,NC,27344,,
190,LA CUEVA,La Cueva,LOS ALAMOS,Los Alamos,NM,87544,,
1603,S CHURCH ST,S Church St,BURLINGTON,Burlington,NC,27215,,
1176,DOUGLASS CROSSROAD,Douglass Crossroad,DEFUNIAK SPRINGS,Defuniak Springs,FL,32435,,
2309,S CHURCH ST,S Church St,BURLINGTON,Burlington,NC,27215,,
54,CLEMATIS ST,Clematis St,ROCHESTER,Rochester,NY,14612,,
10197,WOODLEAF CIRCLE,Woodleaf Circle,Grass Valley,Grass Valley,CA,95949,,
10384,DALEWOOD WAY,Dalewood Way,Grass Valley,Grass Valley,CA,95949,,
5763,NC 87  S,Nc 87  S,MONCURE,Moncure,NC,27559,,
14,RHAPSODY ST,Rhapsody St,FREEPORT,Freeport,FL,32439,,
1186,STATE LINE RD,State Line Rd,DEFUNIAK SPRINGS,Defuniak Springs,FL,32433,,
831,SCOTT WAY,Scott Way,LOS ALAMOS,Los Alamos,NM,87544,,
77,GREEN TREE TRL,Green Tree Trl,CHAPEL HILL,Chapel Hill,NC,27516,,
14821,HIDDEN ROCK DRIVE,Hidden Rock Drive,Grass Valley,Grass Valley,CA,95949,,
14874,HIDDEN ROCK DRIVE,Hidden Rock Drive,Grass Valley,Grass Valley,CA,95949,,
130,MAPLE ST,Maple St,DEFUNIAK SPRINGS,Defuniak Springs,FL,32435,,
207,REBECCA LN,Rebecca Ln,SILER CITY,Siler City,NC,27344,,
2703,CRESTWOOD DR,Crestwood Dr,BURLINGTON,Burlington,NC,27215,,
219,WEAVER ST,Weaver St,ROCHESTER,Rochester,NY,14621,,
1410,SIOUX,Sioux,LOS ALAMOS,Los Alamos,NM,87544,,
10192,GRANT COURT,Grant Court,Grass Valley,Grass Valley,CA,95949,,
2847,CRAWFORD DAIRY RD,Crawford Dairy Rd,CHAPEL HILL,Chapel Hill,NC,27516,,
1021,PINON LOOP,Pinon Loop,LOS ALAMOS,Los Alamos,NM,87544,,
10157,TIMBERLAND DRIVE,Timberland Drive,Grass Valley,Grass Valley,CA,95949,,
1031,EAGLES WAY,Eagles Way,DEFUNIAK SPRINGS,Defuniak Springs,FL,32433,,
2208,WADE PASCHAL RD,Wade Paschal Rd,SILER CITY,Siler City,NC,27344,,
830,OAK RIDGE CEMETERY RD,Oak Ridge Cemetery Rd,DEFUNIAK SPRINGS,Defuniak Springs,FL,32435,,
2600,WALNUT ST,Walnut St,LOS ALAMOS,Los Alamos,NM,87544,,
10178,TIMBERLAND DRIVE,Timberland Drive,Grass Valley,Grass Valley,CA,95949,,
10374,DALEWOOD WAY,Dalewood Way,Grass Valley,Grass Valley,CA,95949,,
1035,STATE HIGHWAY 2  E,State Highway 2  E,DEFUNIAK SPRINGS,Defuniak Springs,FL,32433,,
840,N SUMMIT ST,N Summit St,TOLEDO,Toledo,OH,43604,,
52,LA PALOMA DR,La Paloma Dr,LOS ALAMOS,Los Alamos,NM,87547,,
1186,CAT ISLAND RD,Cat Island Rd,DEFUNIAK SPRINGS,Defuniak Springs,FL,32433,,
912,N SUMMIT ST,N Summit St,TOLEDO,Toledo,OH,43604,,
31,N SUMMIT ST,N Summit St,TOLEDO,Toledo,OH,43604,,
135,CHILD ST,Child St,ROCHESTER,Rochester,NY,14611,,
236,SW PALATINE HILL RD,Sw Palatine Hill Rd,PORTLAND,Portland,OR,97219,,
207,CHAPEL HILL RD,Chapel Hill Rd,BURLINGTON,Burlington,NC,27215,,
301,BUSH ST,Bush St,TOLEDO,Toledo,OH,43609,,
220,HAL CLARK RD,Hal Clark Rd,SILER CITY,Siler City,NC,27344,,
1028,N SUPERIOR ST,N Superior St,TOLEDO,Toledo,OH,43604,,
325,ELM ST,Elm St,TOLEDO,Toledo,OH,43604,,
10186,TIMBERLAND DRIVE,Timberland Drive,Grass Valley,Grass Valley,CA,95949,,
1600,N SUPERIOR ST,N Superior St,TOLEDO,Toledo,OH,43604,,
1004,OLD LANDFILL RD,Old Landfill Rd,DEFUNIAK SPRINGS,Defuniak Springs,FL,32433,,
787,OLD SANFORD RD,Old Sanford Rd,MONCURE,Moncure,NC,27559,,
10296,TIMBERLAND DRIVE,Timberland Drive,Grass Valley,Grass Valley,CA,95949,,
3385,SW 18TH CT,Sw 18Th Ct,GRESHAM,Gresham,OR,97080,,
10191,GRANT COURT,Grant Court,Grass Valley,Grass Valley,CA,95949,,
320,TRAIL EIGHT,Trail Eight,BURLINGTON,Burlington,NC,27215,,
10315,TIMBERLAND DRIVE,Timberland Drive,Grass Valley,Grass Valley,CA,95949,,
2980,TRAIL SIX,Trail Six,BURLINGTON,Burlington,NC,27215,,
10182,WOODLEAF CIRCLE,Woodleaf Circle,Grass Valley,Grass Valley,CA,95949,,
1333,NE 15TH LN,Ne 15Th Ln,GRESHAM,Gresham,OR,97030,,
126,TALL OAKS RD,Tall Oaks Rd,DEFUNIAK SPRINGS,Defuniak Springs,FL,32435,,
169,GLIDE ST,Glide St,ROCHESTER,Rochester,NY,14611,,
1,WORLD TRADE CENTER,World Trade Center,TOLEDO,Toledo,OH,43604,,
110,EAST GATE DR,East Gate Dr,LOS ALAMOS,Los Alamos,NM,87544,,
10224,SAWMILL LOOP,Sawmill Loop,Grass Valley,Grass Valley,CA,95949,,
1695,TRINITY DR,Trinity Dr,LOS ALAMOS,Los Alamos,NM,87544,,
10357,DALEWOOD WAY,Dalewood Way,Grass Valley,Grass Valley,CA,95949,,
922,TEWA LOOP,Tewa Loop,LOS ALAMOS,Los Alamos,NM,87544,,
1448,NE LIBERTY AVE,Ne Liberty Ave,GRESHAM,Gresham,OR,97030,,
1005,VENTNOR PL,Ventnor Pl,CARY,Cary,NC,27519,,
1003,VENTNOR PL,Ventnor Pl,CARY,Cary,NC,27519,,
766,PARKER HERNDON RD,Parker Herndon Rd,PITTSBORO,Pittsboro,NC,27312,,
10186,WOODLEAF CIRCLE,Woodleaf Circle,Grass Valley,Grass Valley,CA,95949,,
4222,RIDGEWAY DR,Ridgeway Dr,LOS ALAMOS,Los Alamos,NM,87544,,
2940,SILER CITY GLENDON RD,Siler City Glendon Rd,SILER CITY,Siler City,NC,27344,,
311,TRAIL ONE,Trail One,BURLINGTON,Burlington,NC,27215,,
21328,SE ALDER CT,Se Alder Ct,GRESHAM,Gresham,OR,97030,,
601,BOWMAN BARE RD,Bowman Bare Rd,PITTSBORO,Pittsboro,NC,27312,,
1133,N SUMMIT ST,N Summit St,TOLEDO,Toledo,OH,43604,,
145,WALTON ROSE LN,Walton Rose Ln,INLET BEACH,Inlet Beach,FL,32461,,
151,S ST CLAIR ST,S St Clair St,TOLEDO,Toledo,OH,43602,,
10036,HERITAGE OAK DRIVE,Heritage Oak Drive,Grass Valley,Grass Valley,CA,95949,,
5707,CO HIGHWAY 183  S,Co Highway 183  S,DEFUNIAK SPRINGS,Defuniak Springs,FL,32435,,
1060,NUGGET ST,Nugget St,LOS ALAMOS,Los Alamos,NM,87544,,
1004,GEES GROVE RD,Gees Grove Rd,SILER CITY,Siler City,NC,27344,,
34,N ST CLAIR ST,N St Clair St,TOLEDO,Toledo,OH,43604,,
3529,CO HIGHWAY 1883,Co Highway 1883,DEFUNIAK SPRINGS,Defuniak Springs,FL,32433,,
105,PINEY BLUFF RD,Piney Bluff Rd,BEAR CREEK,Bear Creek,NC,27207,,
927,N SUMMIT ST,N Summit St,TOLEDO,Toledo,OH,43604,,
1976,WRENN SMITH RD,Wrenn Smith Rd,SILER CITY,Siler City,NC,27344,,
811,N SUMMIT ST,N Summit St,TOLEDO,Toledo,OH,43604,,
1443,NE VISTA WAY,Ne Vista Way,GRESHAM,Gresham,OR,97030,,
285,REBECCA LN,Rebecca Ln,SILER CITY,Siler City,NC,27344,,
14866,HIDDEN ROCK DRIVE,Hidden Rock Drive,Grass Valley,Grass Valley,CA,95949,,
10258,TIMBERLAND DRIVE,Timberland Drive,Grass Valley,Grass Valley,CA,95949,,
901,WATER ST,Water St,TOLEDO,Toledo,OH,43604,,
1443,CO HIGHWAY 183  S,Co Highway 183  S,DEFUNIAK SPRINGS,Defuniak Springs,FL,32435,,
115,SALT BOX LN,Salt Box Ln,INLET BEACH,Inlet Beach,FL,32461,,
236,SW WHITAKER ST,Sw Whitaker St,PORTLAND,Portland,OR,97239,,
1711,SYKES ST,Sykes St,BURLINGTON,Burlington,NC,27215,,
10035,SUNWARD WAY,Sunward Way,Grass Valley,Grass Valley,CA,95949,,
1231,N SUMMIT ST,N Summit St,TOLEDO,Toledo,OH,43604,,
1435,OLD US 421  S,Old Us 421  S,SILER CITY,Siler City,NC,27344,,
17,S SUMMIT ST,S Summit St,TOLEDO,Toledo,OH,43604,,
10175,WOODLEAF CIRCLE,Woodleaf Circle,Grass Valley,Grass Valley,CA,95949,,
336,HOWARD GILLILAND RD,Howard Gilliland Rd,SILER CITY,Siler City,NC,27344,,
14872,FINE DRIVE,Fine Drive,Grass Valley,Grass Valley,CA,95949,,
120,N SUMMIT ST,N Summit St,TOLEDO,Toledo,OH,43604,,
14818,RYDER COURT,Ryder Court,Grass Valley,Grass Valley,CA,95949,,
1039,N SUMMIT ST,N Summit St,TOLEDO,Toledo,OH,43604,,
884,SAM FIELDS RD,Sam Fields Rd,SILER CITY,Siler City,NC,27344,,
102,N SUMMIT ST,N Summit St,TOLEDO,Toledo,OH,43604,,
230,CEDAR GROVE RD,Cedar Grove Rd,PITTSBORO,Pittsboro,NC,27312,,
10154,HERITAGE OAK DRIVE,Heritage Oak Drive,Grass Valley,Grass Valley,CA,95949,,
316,ELM ST,Elm St,TOLEDO,Toledo,OH,43604,,
3324,SW 18TH CT,Sw 18Th Ct,GRESHAM,Gresham,OR,97080,,
1340,NORTH ST,North St,ROCHESTER,Rochester,NY,14621,,
183,WHITE TAIL LN,White Tail Ln,SILER CITY,Siler City,NC,27344,,
327,BUSH ST,Bush St,TOLEDO,Toledo,OH,43609,,
1362,NE 16TH WAY,Ne 16Th Way,GRESHAM,Gresham,OR,97030,,
37,WOODEN ST,Wooden St,ROCHESTER,Rochester,NY,14611,,
96,FIELDWOOD DR,Fieldwood Dr,ROCHESTER,Rochester,NY,14609,,
185,PLAZA DR,Plaza Dr,CHAPEL HILL,Chapel Hill,NC,27517,,
1002,PETE THOMAS RD,Pete Thomas Rd,PITTSBORO,Pittsboro,NC,27312,,
68,COLE PLACE,Cole Place,CHAPEL HILL,Chapel Hill,NC,27517,,
190,LOG BARN RD,Log Barn Rd,PITTSBORO,Pittsboro,NC,27312,,
318,LAGRANGE ST,Lagrange St,TOLEDO,Toledo,OH,43604,,
3703,SE 24TH CT,Se 24Th Ct,GRESHAM,Gresham,OR,97080,,
2115,MAY DR,May Dr,BURLINGTON,Burlington,NC,27215,,
41,N SUMMIT ST,N Summit St,TOLEDO,Toledo,OH,43604,,
1967,CAMINO UVA,Camino Uva,LOS ALAMOS,Los Alamos,NM,87544,,
10271,TIMBERLAND DRIVE,Timberland Drive,Grass Valley,Grass Valley,CA,95949,,
3424,URBAN ST,Urban St,LOS ALAMOS,Los Alamos,NM,87544,,
1000,DELAWARE RD,Delaware Rd,DEFUNIAK SPRINGS,Defuniak Springs,FL,32433,,
1071,JOE BROWN RD,Joe Brown Rd,BEAR CREEK,Bear Creek,NC,27207,,
312,CHESTNUT ST,Chestnut St,TOLEDO,Toledo,OH,43604,,
35,THOMPSON ST,Thompson St,PITTSBORO,Pittsboro,NC,27312,,
120,S ONEAL ST,S Oneal St,BURLINGTON,Burlington,NC,27215,,
149,COFFEEN HILL RD,Coffeen Hill Rd,SANTA ROSA BEACH,Santa Rosa Beach,FL,32459,,
134,CAREFREE WAY,Carefree Way,CHAPEL HILL,Chapel Hill,NC,27516,,
620,CAMINO CEREZA,Camino Cereza,LOS ALAMOS,Los Alamos,NM,87544,,
185,PLAZA DR,Plaza Dr,CHAPEL HILL,Chapel Hill,NC,27517,,
14856,FINE DRIVE,Fine Drive,Grass Valley,Grass Valley,CA,95949,,
10235,TIMBERLAND DRIVE,Timberland Drive,Grass Valley,Grass Valley,CA,95949,,
21309,SE ALDER CT,Se Alder Ct,GRESHAM,Gresham,OR,97030,,
311,LOCUST ST,Locust St,TOLEDO,Toledo,OH,43604,,
1,WORLD TRADE CENTER,World Trade Center,TOLEDO,Toledo,OH,43611,,
14850,HIDDEN ROCK DRIVE,Hidden Rock Drive,Grass Valley,Grass Valley,CA,95949,,
316,MULBERRY ST,Mulberry St,TOLEDO,Toledo,OH,43604,,
802,N SUPERIOR ST,N Superior St,TOLEDO,Toledo,OH,43604,,
1730,S CHURCH ST,S Church St,BURLINGTON,Burlington,NC,27215,,
10189,TIMBERLAND DRIVE,Timberland Drive,Grass Valley,Grass Valley,CA,95949,,
1031,SEMINOLE,Seminole,LOS ALAMOS,Los Alamos,NM,87544,,
196,PINEY BLUFF RD,Piney Bluff Rd,BEAR CREEK,Bear Creek,NC,27207,,
1128,BUD MCBROOM RD,Bud Mcbroom Rd,DEFUNIAK SPRINGS,Defuniak Springs,FL,32433,,
2577,BOY SCOUT RD,Boy Scout Rd,DEFUNIAK SPRINGS,Defuniak Springs,FL,32435,,
1860,CAMINO UVA,Camino Uva,LOS ALAMOS,Los Alamos,NM,87544,,
313,MONROE ST,Monroe St,TOLEDO,Toledo,OH,43604,,
134,EAST GATE DR,East Gate Dr,LOS ALAMOS,Los Alamos,NM,87544,,
2848,WALNUT ST,Walnut St,LOS ALAMOS,Los Alamos,NM,87544,,
1833,S CHURCH ST,S Church St,BURLINGTON,Burlington,NC,27215,,
10225,TIMBERLAND DRIVE,Timberland Drive,Grass Valley,Grass Valley,CA,95949,,
2051,WRENN SMITH RD,Wrenn Smith Rd,SILER CITY,Siler City,NC,27344,,
798,OLD SANFORD RD,Old Sanford Rd,MONCURE,Moncure,NC,27559,,
10168,SAWMILL LOOP,Sawmill Loop,Grass Valley,Grass Valley,CA,95949,,
14844,FINE DRIVE,Fine Drive,Grass Valley,Grass Valley,CA,95949,,
187,WEAVER ST,Weaver St,ROCHESTER,Rochester,NY,14621,,
14838,HIDDEN ROCK DRIVE,Hidden Rock Drive,Grass Valley,Grass Valley,CA,95949,,
1553,N GOODMAN ST,N Goodman St,ROCHESTER,Rochester,NY,14609,,
281,WEAVER ST,Weaver St,ROCHESTER,Rochester,NY,14621,,
2255,LEE DR,Lee Dr,BURLINGTON,Burlington,NC,27215,,
2816,VILLA ST,Villa St,LOS ALAMOS,Los Alamos,NM,87544,,
10373,DALEWOOD WAY,Dalewood Way,Grass Valley,Grass Valley,CA,95949,,
1450,NE VISTA WAY,Ne Vista Way,GRESHAM,Gresham,OR,97030,,
61,TAMARACK ST,Tamarack St,ROCHESTER,Rochester,NY,14612,,
1001,E LAKE DR,E Lake Dr,BURLINGTON,Burlington,NC,27215,,
1074,HAL CLARK RD,Hal Clark Rd,SILER CITY,Siler City,NC,27344,,
2895,ARIZONA AVE,Arizona Ave,LOS ALAMOS,Los Alamos,NM,87544,,
235,SW WHITAKER ST,Sw Whitaker St,PORTLAND,Portland,OR,97239,,
1542,OVERBROOK RD,Overbrook Rd,BURLINGTON,Burlington,NC,27215,,
1635,NE HOGAN DR,Ne Hogan Dr,GRESHAM,Gresham,OR,97030,,
407,MCKINLEY PL,Mckinley Pl,MEBANE,Mebane,NC,27302,,
10044,GOLDEN SHORE DRIVE,Golden Shore Drive,Grass Valley,Grass Valley,CA,95949,,
2235,CO HIGHWAY 2 A,Co Highway 2 A,DEFUNIAK SPRINGS,Defuniak Springs,FL,32433,,
3280,SW 18TH CT,Sw 18Th Ct,GRESHAM,Gresham,OR,97080,,
1050,SIOUX,Sioux,LOS ALAMOS,Los Alamos,NM,87544,,
111,S SUMMIT ST,S Summit St,TOLEDO,Toledo,OH,43602,,
3404,URBAN ST,Urban St,LOS ALAMOS,Los Alamos,NM,87544,,
12,PLEASANT RIDGE RD,Pleasant Ridge Rd,DEFUNIAK SPRINGS,Defuniak Springs,FL,32435,,
235,SW TAYLORS FERRY RD,Sw Taylors Ferry Rd,PORTLAND,Portland,OR,97219,,
1044,N CO HIGHWAY 395,N Co Highway 395,SANTA ROSA BEACH,Santa Rosa Beach,FL,32459,,
409,MCKINLEY PL,Mckinley Pl,MEBANE,Mebane,NC,27302,,
3358,SW 18TH CT,Sw 18Th Ct,GRESHAM,Gresham,OR,97080,,
1319,N SUMMIT ST,N Summit St,TOLEDO,Toledo,OH,43604,,
170,LA CUEVA,La Cueva,LOS ALAMOS,Los Alamos,NM,87544,,
10,OAK AVE,Oak Ave,SANTA ROSA BEACH,Santa Rosa Beach,FL,32459,,
1007,DOUBLE POND RD,Double Pond Rd,PONCE DE LEON,Ponce De Leon,FL,32455,,
147,PEACH TREE ST,Peach Tree St,LAUREL HILL,Laurel Hill,FL,32567,,
4873,TRINITY DR,Trinity Dr,LOS ALAMOS,Los Alamos,NM,87544,,
1014,STATE HIGHWAY 20  E,State Highway 20  E,FREEPORT,Freeport,FL,32439,,
238,SW MITCHELL ST,Sw Mitchell St,PORTLAND,Portland,OR,97239,,
30,BARRANCA RD,Barranca Rd,LOS ALAMOS,Los Alamos,NM,87544,,
130,LAGRANGE COVE CIR,Lagrange Cove Cir,FREEPORT,Freeport,FL,32439,,
10023,SAWMILL LOOP,Sawmill Loop,Grass Valley,Grass Valley,CA,95949,,
835,SCOTT WAY,Scott Way,LOS ALAMOS,Los Alamos,NM,87544,,
1221,N SUMMIT ST,N Summit St,TOLEDO,Toledo,OH,43604,,
120,SHANNON DR,Shannon Dr,BURLINGTON,Burlington,NC,27215,,
110,MIRANDA WAY,Miranda Way,PITTSBORO,Pittsboro,NC,27312,,
116,N SUMMIT ST,N Summit St,TOLEDO,Toledo,OH,43604,,
14813,HIDDEN ROCK DRIVE,Hidden Rock Drive,Grass Valley,Grass Valley,CA,95949,,
10130,HERITAGE OAK DRIVE,Heritage Oak Drive,Grass Valley,Grass Valley,CA,95949,,
1384,NE 15TH LN,Ne 15Th Ln,GRESHAM,Gresham,OR,97030,,
339,FIELDWOOD DR,Fieldwood Dr,ROCHESTER,Rochester,NY,14609,,
19074,SE CLINTON ST,Se Clinton St,GRESHAM,Gresham,OR,97030,,
14870,HIDDEN ROCK DRIVE,Hidden Rock Drive,Grass Valley,Grass Valley,CA,95949,,
10411,DALEWOOD WAY,Dalewood Way,Grass Valley,Grass Valley,CA,95949,,
1889,WRENN SMITH RD,Wrenn Smith Rd,SILER CITY,Siler City,NC,27344,,
2090,S CHURCH ST,S Church St,BURLINGTON,Burlington,NC,27215,,
10207,TIMBERLAND DRIVE,Timberland Drive,Grass Valley,Grass Valley,CA,95949,,
19128,SE CLINTON ST,Se Clinton St,GRESHAM,Gresham,OR,97030,,
2100,S CHURCH ST,S Church St,BURLINGTON,Burlington,NC,27215,,
1011,OSTRICH LN,Ostrich Ln,TOLEDO,Toledo,OH,43604,,
1513,NE VISTA WAY,Ne Vista Way,GRESHAM,Gresham,OR,97030,,
1301,N SUMMIT ST,N Summit St,TOLEDO,Toledo,OH,43605,,
195,PLAZA DR,Plaza Dr,CHAPEL HILL,Chapel Hill,NC,27517,,
126,N SUMMIT ST,N Summit St,TOLEDO,Toledo,OH,43604,,
235,SW IDAHO ST,Sw Idaho St,PORTLAND,Portland,OR,97239,,
2923,SILER CITY GLENDON RD,Siler City Glendon Rd,SILER CITY,Siler City,NC,27344,,
1,S ST CLAIR ST,S St Clair St,TOLEDO,Toledo,OH,43602,,
1505,15TH ST,15Th St,LOS ALAMOS,Los Alamos,NM,87544,,
204,TRAIL TWO,Trail Two,BURLINGTON,Burlington,NC,27215,,
12,CHABOT DR,Chabot Dr,DEFUNIAK SPRINGS,Defuniak Springs,FL,32433,,
20,N ST CLAIR ST,N St Clair St,TOLEDO,Toledo,OH,43604,,
208,S GURNEY ST,S Gurney St,BURLINGTON,Burlington,NC,27215,,
3111,SILER CITY GLENDON RD,Siler City Glendon Rd,SILER CITY,Siler City,NC,27344,,
1897,CAMINO UVA,Camino Uva,LOS ALAMOS,Los Alamos,NM,87544,,
1124,OLD LANDFILL RD,Old Landfill Rd,DEFUNIAK SPRINGS,Defuniak Springs,FL,32433,,
3125,NICKEL ST,Nickel St,LOS ALAMOS,Los Alamos,NM,87544,,
2306,CANYON GLEN,Canyon Glen,LOS ALAMOS,Los Alamos,NM,87544,,
1360,SIOUX,Sioux,LOS ALAMOS,Los Alamos,NM,87544,,
8,N ST CLAIR ST,N St Clair St,TOLEDO,Toledo,OH,43604,,
5115,STATE HIGHWAY 2  W,State Highway 2  W,DEFUNIAK SPRINGS,Defuniak Springs,FL,32433,,
114,CEDAR LAKE RD,Cedar Lake Rd,CHAPEL HILL,Chapel Hill,NC,27516,,
10073,SAWMILL LOOP,Sawmill Loop,Grass Valley,Grass Valley,CA,95949,,
107,CHAPEL HILL RD,Chapel Hill Rd,BURLINGTON,Burlington,NC,27215,,
300,TRAIL TWO,Trail Two,BURLINGTON,Burlington,NC,27215,,
106,ANCHOR RODE CIR,Anchor Rode Cir,SANTA ROSA BEACH,Santa Rosa Beach,FL,32459,,
14834,HIDDEN ROCK DRIVE,Hidden Rock Drive,Grass Valley,Grass Valley,CA,95949,,
27,GEORGE MOSES HORTON RD,George Moses Horton Rd,PITTSBORO,Pittsboro,NC,27312,,
2119,MAY DR,May Dr,BURLINGTON,Burlington,NC,27215,,
1116,N SUMMIT ST,N Summit St,TOLEDO,Toledo,OH,43611,,
1127,ALLEN LOOP DR,Allen Loop Dr,SANTA ROSA BEACH,Santa Rosa Beach,FL,32459,,
145,DIANE ST,Diane St,PITTSBORO,Pittsboro,NC,27312,,
2451,CANYON GLEN,Canyon Glen,LOS ALAMOS,Los Alamos,NM,87544,,
31004,RELIEF HILL ROAD,Relief Hill Road,Nevada City,Nevada City,CA,95959,,
14832,HIDDEN ROCK DRIVE,Hidden Rock Drive,Grass Valley,Grass Valley,CA,95949,,
25,BROCTON ST,Brocton St,ROCHESTER,Rochester,NY,14612,,
1230,BIG ROCK LOOP,Big Rock Loop,LOS ALAMOS,Los Alamos,NM,87544,,
730,PETE THOMAS RD,Pete Thomas Rd,PITTSBORO,Pittsboro,NC,27312,,
2317,SE HACIENDA AVE,Se Hacienda Ave,GRESHAM,Gresham,OR,97080,,
1704,SYKES ST,Sykes St,BURLINGTON,Burlington,NC,27215,,
1346,NE 15TH LN,Ne 15Th Ln,GRESHAM,Gresham,OR,97030,,
1587,NE 16TH WAY,Ne 16Th Way,GRESHAM,Gresham,OR,97030,,
551,JOE BROWN RD,Joe Brown Rd,BEAR CREEK,Bear Creek,NC,27207,,
10147,SAWMILL LOOP,Sawmill Loop,Grass Valley,Grass Valley,CA,95949,,
1081,SIOUX,Sioux,LOS ALAMOS,Los Alamos,NM,87544,,
1337,N SUMMIT ST,N Summit St,TOLEDO,Toledo,OH,43604,,
401,MCKINLEY PL,Mckinley Pl,MEBANE,Mebane,NC,27302,,
2040,S CHURCH ST,S Church St,BURLINGTON,Burlington,NC,27215,,
1328,BROWN RD,Brown Rd,DEFUNIAK SPRINGS,Defuniak Springs,FL,32433,,
1663,LAMONT NORWOOD RD,Lamont Norwood Rd,PITTSBORO,Pittsboro,NC,27312,,
216,CLARK LN,Clark Ln,SILER CITY,Siler City,NC,27344,,
1,S SUMMIT ST,S Summit St,TOLEDO,Toledo,OH,43602,,
3635,SE 24TH CT,Se 24Th Ct,GRESHAM,Gresham,OR,97080,,
10022,SUNWARD WAY,Sunward Way,Grass Valley,Grass Valley,CA,95949,,
87,SHERER ST,Sherer St,ROCHESTER,Rochester,NY,14611,,
54,LA PALOMA DR,La Paloma Dr,LOS ALAMOS,Los Alamos,NM,87547,,
1592,NE LIBERTY AVE,Ne Liberty Ave,GRESHAM,Gresham,OR,97030,,
907,WATER ST,Water St,TOLEDO,Toledo,OH,43604,,
1437,41ST ST,41St St,LOS ALAMOS,Los Alamos,NM,87544,,
306,W MOSSY HEAD MAIN ST,W Mossy Head Main St,DEFUNIAK SPRINGS,Defuniak Springs,FL,32435,,
1869,CAMINO UVA,Camino Uva,LOS ALAMOS,Los Alamos,NM,87544,,
1595,HUCKABA RD,Huckaba Rd,LAUREL HILL,Laurel Hill,FL,32567,,
122,N GURNEY ST,N Gurney St,BURLINGTON,Burlington,NC,27215,,
32,MERIDEN ST,Meriden St,ROCHESTER,Rochester,NY,14612,,
308,OLD WALDEN RD,Old Walden Rd,SILER CITY,Siler City,NC,27344,,
2016,SUNNYBROOK DR,Sunnybrook Dr,BURLINGTON,Burlington,NC,27215,,
100,SANDESTIN BLVD N,Sandestin Blvd N,MIRAMAR BEACH,Miramar Beach,FL,32550,,
132,CAREFREE WAY,Carefree Way,CHAPEL HILL,Chapel Hill,NC,27516,,
651,MCCRAY RD,Mccray Rd,ALAMANCECOUNTY,Alamancecounty,NC,27217,,
10167,WOODLEAF CIRCLE,Woodleaf Circle,Grass Valley,Grass Valley,CA,95949,,
4418,RIDGEWAY DR,Ridgeway Dr,LOS ALAMOS,Los Alamos,NM,87544,,
407,MCKINLEY CT,Mckinley Ct,MEBANE,Mebane,NC,27302,,
840,GILLILAND RD,Gilliland Rd,SILER CITY,Siler City,NC,27344,,
102,L AND W LN,L And W Ln,PITTSBORO,Pittsboro,NC,27312,,
1007,VENTNOR PL,Ventnor Pl,CARY,Cary,NC,27519,,
210,N GURNEY ST,N Gurney St,BURLINGTON,Burlington,NC,27215,,
14812,HIDDEN ROCK DRIVE,Hidden Rock Drive,Grass Valley,Grass Valley,CA,95949,,
31004,RELIEF HILL ROAD,Relief Hill Road,Nevada City,Nevada City,CA,95959,,
900,N SUMMIT ST,N Summit St,TOLEDO,Toledo,OH,43604,,
10166,HERITAGE OAK DRIVE,Heritage Oak Drive,Grass Valley,Grass Valley,CA,95949,,
1560,YUMA,Yuma,LOS ALAMOS,Los Alamos,NM,87544,,
297,BELLEMONT RD,Bellemont Rd,PITTSBORO,Pittsboro,NC,27312,,
329,CHESTNUT ST,Chestnut St,TOLEDO,Toledo,OH,43604,,
235,SW SEYMOUR CT,Sw Seymour Ct,PORTLAND,Portland,OR,97239,,
83,POTOMAC ST,Potomac St,ROCHESTER,Rochester,NY,14611,,
1317,N SUMMIT ST,N Summit St,TOLEDO,Toledo,OH,43604,,
1248,NE 14TH LN,Ne 14Th Ln,GRESHAM,Gresham,OR,97030,,
13003,DROUGHTON CT,Droughton Ct,CHAPEL HILL,Chapel Hill,NC,27517,,
2460,46TH ST,46Th St,LOS ALAMOS,Los Alamos,NM,87544,,
3272,SILER CITY GLENDON RD,Siler City Glendon Rd,SILER CITY,Siler City,NC,27344,,
10014,GOLDEN SHORE DRIVE,Golden Shore Drive,Grass Valley,Grass Valley,CA,95949,,
4318,US HIGHWAY 90  W,Us Highway 90  W,DEFUNIAK SPRINGS,Defuniak Springs,FL,32433,,
235,SW CANBY ST,Sw Canby St,PORTLAND,Portland,OR,97219,,
126,N SUMMIT ST,N Summit St,TOLEDO,Toledo,OH,43604,,
1290,NE 16TH ST,Ne 16Th St,GRESHAM,Gresham,OR,97030,,
10169,CO HIGHWAY 183  S,Co Highway 183  S,PONCE DE LEON,Ponce De Leon,FL,32455,,
123,JOE BROWN RD,Joe Brown Rd,BEAR CREEK,Bear Creek,NC,27207,,
1116,N SUMMIT ST,N Summit St,TOLEDO,Toledo,OH,43611,,
1610,SYKES ST,Sykes St,BURLINGTON,Burlington,NC,27215,,
10253,TIMBERLAND DRIVE,Timberland Drive,Grass Valley,Grass Valley,CA,95949,,
1841,CAMINO UVA,Camino Uva,LOS ALAMOS,Los Alamos,NM,87544,,
12,N HOGAN LOOP,N Hogan Loop,PONCE DE LEON,Ponce De Leon,FL,32455,,
13,S SUMMIT ST,S Summit St,TOLEDO,Toledo,OH,43602,,
23,SEASCAPE DR,Seascape Dr,ROCHESTER,Rochester,NY,14612,,
1231,N SUMMIT ST,N Summit St,TOLEDO,Toledo,OH,43604,,
126,VENTANA BLVD,Ventana Blvd,SANTA ROSA BEACH,Santa Rosa Beach,FL,32459,,
10021,GOLDEN SHORE DRIVE,Golden Shore Drive,Grass Valley,Grass Valley,CA,95949,,
1601,NE 16TH WAY,Ne 16Th Way,GRESHAM,Gresham,OR,97030,,
825,N SUMMIT ST,N Summit St,TOLEDO,Toledo,OH,43604,,
500,GILLILAND RD,Gilliland Rd,SILER CITY,Siler City,NC,27344,,
1588,NE 16TH WAY,Ne 16Th Way,GRESHAM,Gresham,OR,97030,,
109,S 23RD ST,S 23Rd St,DEFUNIAK SPRINGS,Defuniak Springs,FL,32435,,
14816,HIDDEN ROCK DRIVE,Hidden Rock Drive,Grass Valley,Grass Valley,CA,95949,,
165,OAKLEY CHURCH RD,Oakley Church Rd,SILER CITY,Siler City,NC,27207,,
45,S ST CLAIR ST,S St Clair St,TOLEDO,Toledo,OH,43602,,
211,ANDANADA,Andanada,LOS ALAMOS,Los Alamos,NM,87544,,
134,LOG BARN RD,Log Barn Rd,PITTSBORO,Pittsboro,NC,27312,,
1625,NE 16TH WAY,Ne 16Th Way,GRESHAM,Gresham,OR,97030,,
10041,HERITAGE OAK DRIVE,Heritage Oak Drive,Grass Valley,Grass Valley,CA,95949,,
311,BUSH ST,Bush St,TOLEDO,Toledo,OH,43604,,
2547,45TH ST,45Th St,LOS ALAMOS,Los Alamos,NM,87544,,
1485,NE 16TH WAY,Ne 16Th Way,GRESHAM,Gresham,OR,97030,,
10268,TIMBERLAND DRIVE,Timberland Drive,Grass Valley,Grass Valley,CA,95949,,
1330,NE 16TH WAY,Ne 16Th Way,GRESHAM,Gresham,OR,97030,,
1018,N SUPERIOR ST,N Superior St,TOLEDO,Toledo,OH,43604,,
23,SILVER ST,Silver St,ROCHESTER,Rochester,NY,14611,,
177,WEAVER ST,Weaver St,ROCHESTER,Rochester,NY,14621,,
1556,NE VISTA WAY,Ne Vista Way,GRESHAM,Gresham,OR,97030,,
631,COUNTRY CLUB DR,Country Club Dr,BURLINGTON,Burlington,NC,27215,,
1410,MYRTLE ST,Myrtle St,LOS ALAMOS,Los Alamos,NM,87544,,
2425,45TH ST,45Th St,LOS ALAMOS,Los Alamos,NM,87544,,
270,MONCURE PITTSBORO RD,Moncure Pittsboro Rd,MONCURE,Moncure,NC,27559,,
830,N SUMMIT ST,N Summit St,TOLEDO,Toledo,OH,43604,,
235,SW TEXAS ST,Sw Texas St,PORTLAND,Portland,OR,97219,,
25,S ST CLAIR ST,S St Clair St,TOLEDO,Toledo,OH,43602,,
324,ELM ST,Elm St,TOLEDO,Toledo,OH,43604,,
27,GEORGE MOSES HORTON RD,George Moses Horton Rd,PITTSBORO,Pittsboro,NC,27312,,
1130,N SUPERIOR ST,N Superior St,TOLEDO,Toledo,OH,43604,,
232,CEDAR GROVE RD,Cedar Grove Rd,PITTSBORO,Pittsboro,NC,27312,,
321,MONROE ST,Monroe St,TOLEDO,Toledo,OH,43604,,
14940,NORTH COUNTRY ROAD,North Country Road,Grass Valley,Grass Valley,CA,95949,,
198,NAVAJO RD,Navajo Rd,LOS ALAMOS,Los Alamos,NM,87544,,
33,N SUMMIT ST,N Summit St,TOLEDO,Toledo,OH,43604,,
238,SW PALATINE HILL RD,Sw Palatine Hill Rd,PORTLAND,Portland,OR,97219,,
1093,PINEY GROVE CHURCH RD,Piney Grove Church Rd,DEFUNIAK SPRINGS,Defuniak Springs,FL,32433,,
1325,N SUMMIT ST,N Summit St,TOLEDO,Toledo,OH,43604,,
1325,N CLINTON AV,N Clinton Av,ROCHESTER,Rochester,NY,14621,,
13004,DROUGHTON CT,Droughton Ct,CHAPEL HILL,Chapel Hill,NC,27517,,
3399,SW 18TH CT,Sw 18Th Ct,GRESHAM,Gresham,OR,97080,,
2020,SUNNYBROOK DR,Sunnybrook Dr,BURLINGTON,Burlington,NC,27215,,
1410,J W HOLLINGTON RD,J W Hollington Rd,FREEPORT,Freeport,FL,32439,,
1084,NUGGET ST,Nugget St,LOS ALAMOS,Los Alamos,NM,87544,,
14826,RYDER COURT,Ryder Court,Grass Valley,Grass Valley,CA,95949,,
101,SHOEMAKER DR,Shoemaker Dr,DEFUNIAK SPRINGS,Defuniak Springs,FL,32433,,
1389,NE 16TH WAY,Ne 16Th Way,GRESHAM,Gresham,OR,97030,,
1670,NECTAR ST,Nectar St,LOS ALAMOS,Los Alamos,NM,87544,,
1424,STATE HIGHWAY 20  W,State Highway 20  W,FREEPORT,Freeport,FL,32439,,
79,S HORTON ST,S Horton St,PITTSBORO,Pittsboro,NC,27312,,
10240,TIMBERLAND DRIVE,Timberland Drive,Grass Valley,Grass Valley,CA,95949,,
14963,US HIGHWAY 90  W,Us Highway 90  W,DEFUNIAK SPRINGS,Defuniak Springs,FL,32433,,
25,S ST CLAIR ST,S St Clair St,TOLEDO,Toledo,OH,43602,,
236,SW RIDGE DR,Sw Ridge Dr,PORTLAND,Portland,OR,97219,,
1837,S CHURCH ST,S Church St,BURLINGTON,Burlington,NC,27215,,
1317,BIG ROCK LOOP,Big Rock Loop,LOS ALAMOS,Los Alamos,NM,87544,,
10278,TIMBERLAND DRIVE,Timberland Drive,Grass Valley,Grass Valley,CA,95949,,
19,S ST CLAIR ST,S St Clair St,TOLEDO,Toledo,OH,43602,,
10199,WOODLEAF CIRCLE,Woodleaf Circle,Grass Valley,Grass Valley,CA,95949,,
186,CEDAR GROVE RD,Cedar Grove Rd,PITTSBORO,Pittsboro,NC,27312,,
10081,DALEWOOD WAY,Dalewood Way,Grass Valley,Grass Valley,CA,95949,,
1002,ADMINISTRATION DR,Administration Dr,MIRAMAR BEACH,Miramar Beach,FL,32550,,
31004,RELIEF HILL ROAD,Relief Hill Road,Nevada City,Nevada City,CA,95959,,
929,TEWA LOOP,Tewa Loop,LOS ALAMOS,Los Alamos,NM,87544,,
641,ERVIN HEADEN RD,Ervin Headen Rd,SILER CITY,Siler City,NC,27344,,
1008,STATE HIGHWAY 85,State Highway 85,LAUREL HILL,Laurel Hill,FL,32567,,
2892,WOODLAND RD,Woodland Rd,LOS ALAMOS,Los Alamos,NM,87544,,
482,BRIGHTON DR,Brighton Dr,LOS ALAMOS,Los Alamos,NM,87547,,
203,OVERBROOK TER,Overbrook Ter,BURLINGTON,Burlington,NC,27215,,
14948,NORTH COUNTRY ROAD,North Country Road,Grass Valley,Grass Valley,CA,95949,,
10261,TIMBERLAND DRIVE,Timberland Drive,Grass Valley,Grass Valley,CA,95949,,
231,HAGUE ST,Hague St,ROCHESTER,Rochester,NY,14611,,
14332,STATE HIGHWAY 20  W,State Highway 20  W,NICEVILLE,Niceville,FL,32578,,
10222,TIMBERLAND DRIVE,Timberland Drive,Grass Valley,Grass Valley,CA,95949,,
2030,S CHURCH ST,S Church St,BURLINGTON,Burlington,NC,27215,,
1002,N SUPERIOR ST,N Superior St,TOLEDO,Toledo,OH,43604,,
235,SW NEBRASKA ST,Sw Nebraska St,PORTLAND,Portland,OR,97239,,
4548,HASSELL CORBETT RD,Hassell Corbett Rd,ALAMANCECOUNTY,Alamancecounty,NC,27217,,
54,CAMDEN ST,Camden St,ROCHESTER,Rochester,NY,14612,,
1616,SYKES ST,Sykes St,BURLINGTON,Burlington,NC,27215,,
1390,NE 16TH WAY,Ne 16Th Way,GRESHAM,Gresham,OR,97030,,
205,OVERBROOK TER,Overbrook Ter,BURLINGTON,Burlington,NC,27215,,
13005,DROUGHTON CT,Droughton Ct,CHAPEL HILL,Chapel Hill,NC,27517,,
2091,LAMONT NORWOOD RD,Lamont Norwood Rd,PITTSBORO,Pittsboro,NC,27312,,
37,SEASCAPE DR,Seascape Dr,ROCHESTER,Rochester,NY,14612,,
1380,SIOUX,Sioux,LOS ALAMOS,Los Alamos,NM,87544,,
1020,US HIGHWAY 331  S,Us Highway 331  S,DEFUNIAK SPRINGS,Defuniak Springs,FL,32435,,
683,THOMPSON RD,Thompson Rd,SANTA ROSA BEACH,Santa Rosa Beach,FL,32459,,
816,N SUPERIOR ST,N Superior St,TOLEDO,Toledo,OH,43604,,
116,S ONEAL ST,S Oneal St,BURLINGTON,Burlington,NC,27215,,
10111,TIMBERLAND DRIVE,Timberland Drive,Grass Valley,Grass Valley,CA,95949,,
1,WORLD TRADE CENTER,World Trade Center,TOLEDO,Toledo,OH,43611,,
10,ANDY DR,Andy Dr,FREEPORT,Freeport,FL,32439,,
174,CEDAR GROVE RD,Cedar Grove Rd,PITTSBORO,Pittsboro,NC,27312,,
1909,S CHURCH ST,S Church St,BURLINGTON,Burlington,NC,27215,,
576,BEACH AV,Beach Av,ROCHESTER,Rochester,NY,14612,,
1902,SUNNYBROOK DR,Sunnybrook Dr,BURLINGTON,Burlington,NC,27215,,
10179,WOODLEAF CIRCLE,Woodleaf Circle,Grass Valley,Grass Valley,CA,95949,,
10142,HERITAGE OAK DRIVE,Heritage Oak Drive,Grass Valley,Grass Valley,CA,95949,,
630,BEACH AV,Beach Av,ROCHESTER,Rochester,NY,14612,,
10,SANDESTIN CT,Sandestin Ct,MIRAMAR BEACH,Miramar Beach,FL,32550,,
83,GRANADA DR,Granada Dr,LOS ALAMOS,Los Alamos,NM,87547,,
104,ATTICUS RD,Atticus Rd,INLET BEACH,Inlet Beach,FL,32461,,
23,N SUMMIT ST,N Summit St,TOLEDO,Toledo,OH,43604,,
10307,TIMBERLAND DRIVE,Timberland Drive,Grass Valley,Grass Valley,CA,95949,,
1605,SYKES ST,Sykes St,BURLINGTON,Burlington,NC,27215,,
50,DARK OAKS DR,Dark Oaks Dr,PITTSBORO,Pittsboro,NC,27312,,
103,CENTER ST,Center St,FREEPORT,Freeport,FL,32439,,
10031,GOLDEN SHORE DRIVE,Golden Shore Drive,Grass Valley,Grass Valley,CA,95949,,
1390,BIG ROCK LOOP,Big Rock Loop,LOS ALAMOS,Los Alamos,NM,87544,,
1444,NE 16TH WAY,Ne 16Th Way,GRESHAM,Gresham,OR,97030,,
210,SYCAMORE ST,Sycamore St,TOLEDO,Toledo,OH,43612,,
863,SANFORD RD,Sanford Rd,PITTSBORO,Pittsboro,NC,27312,,
1013,VENTNOR PL,Ventnor Pl,CARY,Cary,NC,27519,,
347,FIELDWOOD DR,Fieldwood Dr,ROCHESTER,Rochester,NY,14609,,
42,WELLAND ST,Welland St,ROCHESTER,Rochester,NY,14612,,
1124,N SUPERIOR ST,N Superior St,TOLEDO,Toledo,OH,43604,,
10099,SAWMILL LOOP,Sawmill Loop,Grass Valley,Grass Valley,CA,95949,,
1016,PLEASANT RIDGE RD,Pleasant Ridge Rd,DEFUNIAK SPRINGS,Defuniak Springs,FL,32435,,
18906,SE CLINTON ST,Se Clinton St,GRESHAM,Gresham,OR,97030,,
1437,NE 16TH WAY,Ne 16Th Way,GRESHAM,Gresham,OR,97030,,
10101,TIMBERLAND DRIVE,Timberland Drive,Grass Valley,Grass Valley,CA,95949,,
287,JONES RD,Jones Rd,SILER CITY,Siler City,NC,27344,,
10032,SUNWARD WAY,Sunward Way,Grass Valley,Grass Valley,CA,95949,,
1089,SILER CITY GLENDON RD,Siler City Glendon Rd,SILER CITY,Siler City,NC,27344,,
3446,URBAN ST,Urban St,LOS ALAMOS,Los Alamos,NM,87544,,
2401,SE HACIENDA AVE,Se Hacienda Ave,GRESHAM,Gresham,OR,97080,,
118,N SUMMIT ST,N Summit St,TOLEDO,Toledo,OH,43604,,
10294,DALEWOOD WAY,Dalewood Way,Grass Valley,Grass Valley,CA,95949,,
4077,TRINITY DR,Trinity Dr,LOS ALAMOS,Los Alamos,NM,87544,,
14958,NORTH COUNTRY ROAD,North Country Road,Grass Valley,Grass Valley,CA,95949,,
1250,GEES GROVE RD,Gees Grove Rd,SILER CITY,Siler City,NC,27344,,
310,BEACH AV,Beach Av,ROCHESTER,Rochester,NY,14612,,
21320,SE ALDER CT,Se Alder Ct,GRESHAM,Gresham,OR,97030,,
1224,NE 14TH LN,Ne 14Th Ln,GRESHAM,Gresham,OR,97030,,
14340,US HIGHWAY 90  W,Us Highway 90  W,DEFUNIAK SPRINGS,Defuniak Springs,FL,32433,,
417,MCCRAY RD,Mccray Rd,ALAMANCECOUNTY,Alamancecounty,NC,27217,,
21420,SE ALDER CT,Se Alder Ct,GRESHAM,Gresham,OR,97030,,
10181,WOODLEAF CIRCLE,Woodleaf Circle,Grass Valley,Grass Valley,CA,95949,,
2012,SUNNYBROOK DR,Sunnybrook Dr,BURLINGTON,Burlington,NC,27215,,
284,EL CONEJO,El Conejo,LOS ALAMOS,Los Alamos,NM,87544,,
696,BEACH AV,Beach Av,ROCHESTER,Rochester,NY,14612,,
1309,N SUMMIT ST,N Summit St,TOLEDO,Toledo,OH,43604,,
148,SANDY CREEK DR,Sandy Creek Dr,SANTA ROSA BEACH,Santa Rosa Beach,FL,32459,,
115,REBECCA LN,Rebecca Ln,SILER CITY,Siler City,NC,27344,,
140,OLD CREEK RD,Old Creek Rd,PONCE DE LEON,Ponce De Leon,FL,32455,,
46,BROCTON ST,Brocton St,ROCHESTER,Rochester,NY,14612,,
2466,46TH ST,46Th St,LOS ALAMOS,Los Alamos,NM,87544,,
14,OLD CAMP RD,Old Camp Rd,SANTA ROSA BEACH,Santa Rosa Beach,FL,32459,,
424,MANNS CHAPEL RD,Manns Chapel Rd,PITTSBORO,Pittsboro,NC,27312,,
1245,NE 14TH LN,Ne 14Th Ln,GRESHAM,Gresham,OR,97030,,
222,SYCAMORE ST,Sycamore St,TOLEDO,Toledo,OH,43612,,
746,CO HIGHWAY 183B,Co Highway 183B,DEFUNIAK SPRINGS,Defuniak Springs,FL,32433,,
14829,HIDDEN ROCK DRIVE,Hidden Rock Drive,Grass Valley,Grass Valley,CA,95949,,
1120,HUB PRESLEY RD,Hub Presley Rd,LAUREL HILL,Laurel Hill,FL,32567,,
10331,DALEWOOD WAY,Dalewood Way,Grass Valley,Grass Valley,CA,95949,,
801,JAMESTOWN RD,Jamestown Rd,PITTSBORO,Pittsboro,NC,27312,,
524,BEACH AV,Beach Av,ROCHESTER,Rochester,NY,14612,,
50,BARRANCA RD,Barranca Rd,LOS ALAMOS,Los Alamos,NM,87544,,
321,CHESTNUT ST,Chestnut St,TOLEDO,Toledo,OH,43604,,
375,CHERYL AVE,Cheryl Ave,LOS ALAMOS,Los Alamos,NM,87547,,
1612,SYKES ST,Sykes St,BURLINGTON,Burlington,NC,27215,,
788,OAKLEY CHURCH RD,Oakley Church Rd,BEAR CREEK,Bear Creek,NC,27207,,
126,N SUMMIT ST,N Summit St,TOLEDO,Toledo,OH,43604,,
195,PLAZA DR,Plaza Dr,CHAPEL HILL,Chapel Hill,NC,27517,,
1350,SANFORD RD,Sanford Rd,PITTSBORO,Pittsboro,NC,27312,,
2354,SILER CITY GLENDON RD,Siler City Glendon Rd,SILER CITY,Siler City,NC,27344,,
328,ELM ST,Elm St,TOLEDO,Toledo,OH,43604,,
140,CEDAR AVE,Cedar Ave,NICEVILLE,Niceville,FL,32578,,
145,OLD AIRPORT RD,Old Airport Rd,DEFUNIAK SPRINGS,Defuniak Springs,FL,32433,,
1003,N SUMMIT ST,N Summit St,TOLEDO,Toledo,OH,43611,,
344,CLARK LN,Clark Ln,SILER CITY,Siler City,NC,27344,,
403,MCKINLEY PL,Mckinley Pl,MEBANE,Mebane,NC,27302,,
2274,MAY DR,May Dr,BURLINGTON,Burlington,NC,27215,,
10194,WOODLEAF CIRCLE,Woodleaf Circle,Grass Valley,Grass Valley,CA,95949,,
1007,N SUMMIT ST,N Summit St,TOLEDO,Toledo,OH,43604,,
222,YORK ST,York St,ROCHESTER,Rochester,NY,14611,,
10410,DALEWOOD WAY,Dalewood Way,Grass Valley,Grass Valley,CA,95949,,
117,GOLF CLUB DR,Golf Club Dr,SANTA ROSA BEACH,Santa Rosa Beach,FL,32459,,
2464,46TH ST,46Th St,LOS ALAMOS,Los Alamos,NM,87544,,
108,SUGAR SAND LN,Sugar Sand Ln,SANTA ROSA BEACH,Santa Rosa Beach,FL,32459,,
2990,SPRING LAKE RD,Spring Lake Rd,DEFUNIAK SPRINGS,Defuniak Springs,FL,32433,,
690,OAKLEY CHURCH RD,Oakley Church Rd,BEAR CREEK,Bear Creek,NC,27207,,
21334,SE ALDER CT,Se Alder Ct,GRESHAM,Gresham,OR,97030,,
10340,DALEWOOD WAY,Dalewood Way,Grass Valley,Grass Valley,CA,95949,,
401,MCKINLEY CT,Mckinley Ct,MEBANE,Mebane,NC,27302,,
1531,42ND ST,42Nd St,LOS ALAMOS,Los Alamos,NM,87544,,
13417,US HIGHWAY 90  W,Us Highway 90  W,DEFUNIAK SPRINGS,Defuniak Springs,FL,32433,,
728,KEITH DR,Keith Dr,DEFUNIAK SPRINGS,Defuniak Springs,FL,32433,,
636,COUNTRY CLUB DR,Country Club Dr,BURLINGTON,Burlington,NC,27215,,
14835,HIDDEN ROCK DRIVE,Hidden Rock Drive,Grass Valley,Grass Valley,CA,95949,,
2401,CANYON GLEN,Canyon Glen,LOS ALAMOS,Los Alamos,NM,87544,,
2322,S CHURCH ST,S Church St,BURLINGTON,Burlington,NC,27215,,
10007,RAGGIO PLACE,Raggio Place,Grass Valley,Grass Valley,CA,95949,,
1022,SANFORD RD,Sanford Rd,PITTSBORO,Pittsboro,NC,27312,,
214,LOCUST ST,Locust St,TOLEDO,Toledo,OH,43604,,
2261,LAMONT NORWOOD RD,Lamont Norwood Rd,PITTSBORO,Pittsboro,NC,27312,,
10054,SAWMILL LOOP,Sawmill Loop,Grass Valley,Grass Valley,CA,95949,,
10117,TIMBERLAND DRIVE,Timberland Drive,Grass Valley,Grass Valley,CA,95949,,
1334,NE 15TH LN,Ne 15Th Ln,GRESHAM,Gresham,OR,97030,,
2978,VILLA ST,Villa St,LOS ALAMOS,Los Alamos,NM,87544,,
887,KRISTI LN,Kristi Ln,LOS ALAMOS,Los Alamos,NM,87544,,
21350,SE ALDER CT,Se Alder Ct,GRESHAM,Gresham,OR,97030,,
1006,N SUPERIOR ST,N Superior St,TOLEDO,Toledo,OH,43604,,
35,TESUQUE,Tesuque,LOS ALAMOS,Los Alamos,NM,87544,,
10190,HERITAGE OAK DRIVE,Heritage Oak Drive,Grass Valley,Grass Valley,CA,95949,,
10138,TIMBERLAND DRIVE,Timberland Drive,Grass Valley,Grass Valley,CA,95949,,
1230,N SUPERIOR ST,N Superior St,TOLEDO,Toledo,OH,43604,,
14854,HIDDEN ROCK DRIVE,Hidden Rock Drive,Grass Valley,Grass Valley,CA,95949,,
102,S SUMMIT ST,S Summit St,TOLEDO,Toledo,OH,43604,,
14853,HIDDEN ROCK DRIVE,Hidden Rock Drive,Grass Valley,Grass Valley,CA,95949,,
2807,WOODLAND RD,Woodland Rd,LOS ALAMOS,Los Alamos,NM,87544,,
122,MC GUCKIN ST,Mc Guckin St,ROCHESTER,Rochester,NY,14611,,
10163,WOODLEAF CIRCLE,Woodleaf Circle,Grass Valley,Grass Valley,CA,95949,,
1116,N SUPERIOR ST,N Superior St,TOLEDO,Toledo,OH,43604,,
1118,OLD LANDFILL RD,Old Landfill Rd,DEFUNIAK SPRINGS,Defuniak Springs,FL,32433,,
10034,GOLDEN SHORE DRIVE,Golden Shore Drive,Grass Valley,Grass Valley,CA,95949,,
10250,TIMBERLAND DRIVE,Timberland Drive,Grass Valley,Grass Valley,CA,95949,,
1817,BONLEE SCHOOL RD,Bonlee School Rd,BEAR CREEK,Bear Creek,NC,27207,,
1425,OLD US 421  S,Old Us 421  S,SILER CITY,Siler City,NC,27344,,
291,CASCABEL,Cascabel,LOS ALAMOS,Los Alamos,NM,87544,,
314,LAUREL HILL DR,Laurel Hill Dr,BURLINGTON,Burlington,NC,27215,,
2305,SE HACIENDA AVE,Se Hacienda Ave,GRESHAM,Gresham,OR,97080,,
935,N SUMMIT ST,N Summit St,TOLEDO,Toledo,OH,43604,,
1156,MARTIN RD,Martin Rd,DEFUNIAK SPRINGS,Defuniak Springs,FL,32433,,
1904,SUNNYBROOK DR,Sunnybrook Dr,BURLINGTON,Burlington,NC,27215,,
888,KRISTI LN,Kristi Ln,LOS ALAMOS,Los Alamos,NM,87544,,
2391,CANYON GLEN,Canyon Glen,LOS ALAMOS,Los Alamos,NM,87544,,
1022,FOREMAN RD,Foreman Rd,DEFUNIAK SPRINGS,Defuniak Springs,FL,32435,,
1129,N SUMMIT ST,N Summit St,TOLEDO,Toledo,OH,43604,,
2935,ARIZONA AVE,Arizona Ave,LOS ALAMOS,Los Alamos,NM,87544,,
136,ROCK RIDGE RD,Rock Ridge Rd,PITTSBORO,Pittsboro,NC,27312,,
120,PINEY BLUFF RD,Piney Bluff Rd,BEAR CREEK,Bear Creek,NC,27207,,
185,PLAZA DR,Plaza Dr,CHAPEL HILL,Chapel Hill,NC,27517,,
80,LA CUEVA,La Cueva,LOS ALAMOS,Los Alamos,NM,87544,,
122,ALAMANCE RD,Alamance Rd,BURLINGTON,Burlington,NC,27215,,
2,N ST CLAIR ST,N St Clair St,TOLEDO,Toledo,OH,43604,,
1014,N SUPERIOR ST,N Superior St,TOLEDO,Toledo,OH,43604,,
315,LOCUST ST,Locust St,TOLEDO,Toledo,OH,43604,,
427,LAIRD RD,Laird Rd,CRESTVIEW,Crestview,FL,32539,,
13319,331 BUSINESS,331 Business,FREEPORT,Freeport,FL,32439,,
118,SKYLANE DR,Skylane Dr,ROCHESTER,Rochester,NY,14621,,
356,W WATER ST,W Water St,INLET BEACH,Inlet Beach,FL,32461,,
143,PLIMSOLL WAY,Plimsoll Way,SANTA ROSA BEACH,Santa Rosa Beach,FL,32459,,
5575,CO HIGHWAY 183  S,Co Highway 183  S,DEFUNIAK SPRINGS,Defuniak Springs,FL,32435,,
10347,DALEWOOD WAY,Dalewood Way,Grass Valley,Grass Valley,CA,95949,,
1290,SIOUX,Sioux,LOS ALAMOS,Los Alamos,NM,87544,,
146,FIELDWOOD DR,Fieldwood Dr,ROCHESTER,Rochester,NY,14609,,
822,45TH ST,45Th St,LOS ALAMOS,Los Alamos,NM,87544,,
21326,SE ALDER CT,Se Alder Ct,GRESHAM,Gresham,OR,97030,,
3800,SE 24TH CT,Se 24Th Ct,GRESHAM,Gresham,OR,97080,,
10400,DALEWOOD WAY,Dalewood Way,Grass Valley,Grass Valley,CA,95949,,
122,N SUMMIT ST,N Summit St,TOLEDO,Toledo,OH,43604,,
194,EAST RD,East Rd,LOS ALAMOS,Los Alamos,NM,87544,,
101,RUCKEL DR,Ruckel Dr,DEFUNIAK SPRINGS,Defuniak Springs,FL,32433,,
632,COUNTRY CLUB DR,Country Club Dr,BURLINGTON,Burlington,NC,27215,,
1330,SIOUX,Sioux,LOS ALAMOS,Los Alamos,NM,87544,,
130,N SUMMIT ST,N Summit St,TOLEDO,Toledo,OH,43604,,
2834,HAMLETS CHAPEL RD,Hamlets Chapel Rd,PITTSBORO,Pittsboro,NC,27312,,
111,EXCHANGE LN,Exchange Ln,DEFUNIAK SPRINGS,Defuniak Springs,FL,32433,,
1025,NUGGET ST,Nugget St,LOS ALAMOS,Los Alamos,NM,87544,,
2430,CANYON GLEN,Canyon Glen,LOS ALAMOS,Los Alamos,NM,87544,,
10248,SAWMILL LOOP,Sawmill Loop,Grass Valley,Grass Valley,CA,95949,,
216,LOCUST ST,Locust St,TOLEDO,Toledo,OH,43604,,
14852,FINE DRIVE,Fine Drive,Grass Valley,Grass Valley,CA,95949,,
21341,SE ALDER CT,Se Alder Ct,GRESHAM,Gresham,OR,97030,,
31004,RELIEF HILL ROAD,Relief Hill Road,Nevada City,Nevada City,CA,95959,,
1011,VENTNOR PL,Ventnor Pl,CARY,Cary,NC,27519,,
1116,N SUMMIT ST,N Summit St,TOLEDO,Toledo,OH,43611,,
68,COLE PLACE,Cole Place,CHAPEL HILL,Chapel Hill,NC,27517,,
14,COUNTRY CLUB DR,Country Club Dr,SANTA ROSA BEACH,Santa Rosa Beach,FL,32459,,
1461,NE 16TH WAY,Ne 16Th Way,GRESHAM,Gresham,OR,97030,,
2488,SILER CITY GLENDON RD,Siler City Glendon Rd,SILER CITY,Siler City,NC,27344,,
107,GEORGE ELLIS PT,George Ellis Pt,FREEPORT,Freeport,FL,32439,,
1002,N SUMMIT ST,N Summit St,TOLEDO,Toledo,OH,43604,,
1009,VENTNOR PL,Ventnor Pl,CARY,Cary,NC,27519,,
19104,SE CLINTON ST,Se Clinton St,GRESHAM,Gresham,OR,97030,,
68,COLE PLACE,Cole Place,CHAPEL HILL,Chapel Hill,NC,27517,,
1435,CAMINO REDONDO,Camino Redondo,LOS ALAMOS,Los Alamos,NM,87544,,
2044,S CHURCH ST,S Church St,BURLINGTON,Burlington,NC,27215,,
11474,STEELE FIELD RD,Steele Field Rd,VERNON,Vernon,FL,32462,,
10330,DALEWOOD WAY,Dalewood Way,Grass Valley,Grass Valley,CA,95949,,
763,OLD US 421  S,Old Us 421  S,SILER CITY,Siler City,NC,27344,,
1506,NE VISTA WAY,Ne Vista Way,GRESHAM,Gresham,OR,97030,,
180,CAREFREE WAY,Carefree Way,CHAPEL HILL,Chapel Hill,NC,27516,,
3447,ORANGE ST,Orange St,LOS ALAMOS,Los Alamos,NM,87544,,
1521,NE VISTA WAY,Ne Vista Way,GRESHAM,Gresham,OR,97030,,
185,PLAZA DR,Plaza Dr,CHAPEL HILL,Chapel Hill,NC,27517,,
1824,S CHURCH ST,S Church St,BURLINGTON,Burlington,NC,27215,,
1872,CAMINO UVA,Camino Uva,LOS ALAMOS,Los Alamos,NM,87544,,
1566,NE LIBERTY AVE,Ne Liberty Ave,GRESHAM,Gresham,OR,97030,,
1530,NE LIBERTY AVE,Ne Liberty Ave,GRESHAM,Gresham,OR,97030,,
12983,US HIGHWAY 98  W,Us Highway 98  W,MIRAMAR BEACH,Miramar Beach,FL,32550,,
1744,CAMINO UVA,Camino Uva,LOS ALAMOS,Los Alamos,NM,87544,,
2411,CO HIGHWAY 1883,Co Highway 1883,DEFUNIAK SPRINGS,Defuniak Springs,FL,32433,,
1466,NE VISTA WAY,Ne Vista Way,GRESHAM,Gresham,OR,97030,,
1532,42ND ST,42Nd St,LOS ALAMOS,Los Alamos,NM,87544,,
111,JUNIPER LAKE DR,Juniper Lake Dr,DEFUNIAK SPRINGS,Defuniak Springs,FL,32433,,
318,WASHINGTON ST,Washington St,TOLEDO,Toledo,OH,43604,,
5761,NC 87  S,Nc 87  S,MONCURE,Moncure,NC,27559,,
8,SAXTON ST,Saxton St,ROCHESTER,Rochester,NY,14611,,
708,BEACH AV,Beach Av,ROCHESTER,Rochester,NY,14612,,
35,THOMPSON ST,Thompson St,PITTSBORO,Pittsboro,NC,27312,,
14864,FINE DRIVE,Fine Drive,Grass Valley,Grass Valley,CA,95949,,
933,N SUMMIT ST,N Summit St,TOLEDO,Toledo,OH,43604,,
14728,US HIGHWAY 90  W,Us Highway 90  W,DEFUNIAK SPRINGS,Defuniak Springs,FL,32433,,
260,LONG ACRE RD,Long Acre Rd,SILER CITY,Siler City,NC,27344,,
114,CEDAR LAKE RD,Cedar Lake Rd,CHAPEL HILL,Chapel Hill,NC,27516,,
10278,DALEWOOD WAY,Dalewood Way,Grass Valley,Grass Valley,CA,95949,,
2197,LOMA LINDA DR,Loma Linda Dr,LOS ALAMOS,Los Alamos,NM,87544,,
102,CASSINE GARDEN CIR,Cassine Garden Cir,SANTA ROSA BEACH,Santa Rosa Beach,FL,32459,,
902,N SUPERIOR ST,N Superior St,TOLEDO,Toledo,OH,43604,,
315,MULBERRY ST,Mulberry St,TOLEDO,Toledo,OH,43604,,
1217,SEMINOLE,Seminole,LOS ALAMOS,Los Alamos,NM,87544,,
10151,TIMBERLAND DRIVE,Timberland Drive,Grass Valley,Grass Valley,CA,95949,,
1526,VANDER OLDHAM RD,Vander Oldham Rd,BEAR CREEK,Bear Creek,NC,27207,,
1527,NE 16TH WAY,Ne 16Th Way,GRESHAM,Gresham,OR,97030,,
1874,CAMINO MANZANA,Camino Manzana,LOS ALAMOS,Los Alamos,NM,87544,,
4374,RIDGEWAY DR,Ridgeway Dr,LOS ALAMOS,Los Alamos,NM,87544,,
10045,SUNWARD WAY,Sunward Way,Grass Valley,Grass Valley,CA,95949,,
1103,CO HIGHWAY 147  W,Co Highway 147  W,LAUREL HILL,Laurel Hill,FL,32567,,
10046,HERITAGE OAK DRIVE,Heritage Oak Drive,Grass Valley,Grass Valley,CA,95949,,
905,WATER ST,Water St,TOLEDO,Toledo,OH,43604,,
111,GARDEN LN,Garden Ln,FREEPORT,Freeport,FL,32439,,
195,PLAZA DR,Plaza Dr,CHAPEL HILL,Chapel Hill,NC,27517,,
120,CLARK LN,Clark Ln,SILER CITY,Siler City,NC,27344,,
53,PAIGE BLVD,Paige Blvd,SILER CITY,Siler City,NC,27344,,
1912,CAMINO MANZANA,Camino Manzana,LOS ALAMOS,Los Alamos,NM,87544,,
16,GRAND CANYON DR,Grand Canyon Dr,LOS ALAMOS,Los Alamos,NM,87547,,
14966,NORTH COUNTRY ROAD,North Country Road,Grass Valley,Grass Valley,CA,95949,,
320,TRAIL THREE,Trail Three,BURLINGTON,Burlington,NC,27215,,
14810,RYDER COURT,Ryder Court,Grass Valley,Grass Valley,CA,95949,,
127,SANDHILL CT,Sandhill Ct,FREEPORT,Freeport,FL,32439,,
856,GEES GROVE RD,Gees Grove Rd,SILER CITY,Siler City,NC,27344,,
141,TRAIL ONE,Trail One,BURLINGTON,Burlington,NC,27215,,
21352,SE ALDER CT,Se Alder Ct,GRESHAM,Gresham,OR,97030,,
21418,SE ALDER CT,Se Alder Ct,GRESHAM,Gresham,OR,97030,,
203,CHAPEL HILL RD,Chapel Hill Rd,BURLINGTON,Burlington,NC,27215,,
10165,TIMBERLAND DRIVE,Timberland Drive,Grass Valley,Grass Valley,CA,95949,,
21,N SUMMIT ST,N Summit St,TOLEDO,Toledo,OH,43604,,
1280,NE 14TH LN,Ne 14Th Ln,GRESHAM,Gresham,OR,97030,,
75,CEDAR VILLAGE RD,Cedar Village Rd,CHAPEL HILL,Chapel Hill,NC,27516,,
291,JOE BROWN RD,Joe Brown Rd,BEAR CREEK,Bear Creek,NC,27207,,
45,S SUMMIT ST,S Summit St,TOLEDO,Toledo,OH,43604,,
145,JOE BROWN RD,Joe Brown Rd,BEAR CREEK,Bear Creek,NC,27207,,
1610,S CHURCH ST,S Church St,BURLINGTON,Burlington,NC,27215,,
728,GEES GROVE RD,Gees Grove Rd,SILER CITY,Siler City,NC,27344,,
14822,RYDER COURT,Ryder Court,Grass Valley,Grass Valley,CA,95949,,
1700,S CHURCH ST,S Church St,BURLINGTON,Burlington,NC,27215,,
42,MADISON ST,Madison St,ROCHESTER,Rochester,NY,14608,,
210,SYCAMORE ST,Sycamore St,TOLEDO,Toledo,OH,43612,,
317,LOCUST ST,Locust St,TOLEDO,Toledo,OH,43604,,
10165,WOODLEAF CIRCLE,Woodleaf Circle,Grass Valley,Grass Valley,CA,95949,,
10365,DALEWOOD WAY,Dalewood Way,Grass Valley,Grass Valley,CA,95949,,
10051,GOLDEN SHORE DRIVE,Golden Shore Drive,Grass Valley,Grass Valley,CA,95949,,
10,WESTWINDS DR,Westwinds Dr,MIRAMAR BEACH,Miramar Beach,FL,32550,,
1365,SIOUX,Sioux,LOS ALAMOS,Los Alamos,NM,87544,,
1168,BLACK CREEK BLVD,Black Creek Blvd,FREEPORT,Freeport,FL,32439,,
10214,SAWMILL LOOP,Sawmill Loop,Grass Valley,Grass Valley,CA,95949,,
180,LA CUEVA,La Cueva,LOS ALAMOS,Los Alamos,NM,87544,,
25,S ST CLAIR ST,S St Clair St,TOLEDO,Toledo,OH,43602,,
89,S CHARLES ST,S Charles St,INLET BEACH,Inlet Beach,FL,32461,,
1193,SAN ILDEFONSO RD,San Ildefonso Rd,LOS ALAMOS,Los Alamos,NM,87544,,
14863,HIDDEN ROCK DRIVE,Hidden Rock Drive,Grass Valley,Grass Valley,CA,95949,,
377,CHERYL AVE,Cheryl Ave,LOS ALAMOS,Los Alamos,NM,87547,,
133,DELAMAINE DR,Delamaine Dr,ROCHESTER,Rochester,NY,14621,,
220,SHADY DR,Shady Dr,BURLINGTON,Burlington,NC,27215,,
10070,GOLDEN SHORE DRIVE,Golden Shore Drive,Grass Valley,Grass Valley,CA,95949,,
10391,DALEWOOD WAY,Dalewood Way,Grass Valley,Grass Valley,CA,95949,,
3275,SW 18TH CT,Sw 18Th Ct,GRESHAM,Gresham,OR,97080,,
1927,S CHURCH ST,S Church St,BURLINGTON,Burlington,NC,27215,,
5,TIMBER RIDGE RD,Timber Ridge Rd,LOS ALAMOS,Los Alamos,NM,87544,,
203,TRAIL ONE,Trail One,BURLINGTON,Burlington,NC,27215,,
60,FIELDWOOD DR,Fieldwood Dr,ROCHESTER,Rochester,NY,14609,,
2389,36TH ST,36Th St,LOS ALAMOS,Los Alamos,NM,87544,,
48,LA PALOMA DR,La Paloma Dr,LOS ALAMOS,Los Alamos,NM,87547,,
12,OLD CAMP RD,Old Camp Rd,SANTA ROSA BEACH,Santa Rosa Beach,FL,32459,,
1114,N SUPERIOR ST,N Superior St,TOLEDO,Toledo,OH,43611,,
10098,TIMBERLAND DRIVE,Timberland Drive,Grass Valley,Grass Valley,CA,95949,,
140,N SUMMIT ST,N Summit St,TOLEDO,Toledo,OH,43604,,
226,TRAIL SEVEN,Trail Seven,BURLINGTON,Burlington,NC,27215,,
152,N SUMMIT ST,N Summit St,TOLEDO,Toledo,OH,43604,,
21328,SE ALDER CT,Se Alder Ct,GRESHAM,Gresham,OR,97030,,
1910,SUNNYBROOK DR,Sunnybrook Dr,BURLINGTON,Burlington,NC,27215,,
100,LA CUEVA,La Cueva,LOS ALAMOS,Los Alamos,NM,87544,,
2430,ORICE ST,Orice St,BURLINGTON,Burlington,NC,27215,,
1201,N SUMMIT ST,N Summit St,TOLEDO,Toledo,OH,43604,,
10159,SAWMILL LOOP,Sawmill Loop,Grass Valley,Grass Valley,CA,95949,,
693,46TH ST,46Th St,LOS ALAMOS,Los Alamos,NM,87544,,
10058,HERITAGE OAK DRIVE,Heritage Oak Drive,Grass Valley,Grass Valley,CA,95949,,
1030,MYRTLE ST,Myrtle St,LOS ALAMOS,Los Alamos,NM,87544,,
1017,N SUMMIT ST,N Summit St,TOLEDO,Toledo,OH,43604,,
1568,NE VISTA WAY,Ne Vista Way,GRESHAM,Gresham,OR,97030,,
107,REDFISH CIR,Redfish Cir,SANTA ROSA BEACH,Santa Rosa Beach,FL,32459,,
10088,HERITAGE OAK DRIVE,Heritage Oak Drive,Grass Valley,Grass Valley,CA,95949,,
1102,N SUMMIT ST,N Summit St,TOLEDO,Toledo,OH,43604,,
300,BEACH AV,Beach Av,ROCHESTER,Rochester,NY,14612,,
91,GRIFFIN RD,Griffin Rd,PITTSBORO,Pittsboro,NC,27312,,
317,CHESTNUT ST,Chestnut St,TOLEDO,Toledo,OH,43604,,
1713,S CHURCH ST,S Church St,BURLINGTON,Burlington,NC,27215,,
10,BLUEJACK ST,Bluejack St,SANTA ROSA BEACH,Santa Rosa Beach,FL,32459,,
14846,HIDDEN ROCK DRIVE,Hidden Rock Drive,Grass Valley,Grass Valley,CA,95949,,
1787,CROWDER CHAPEL RD,Crowder Chapel Rd,CRESTVIEW,Crestview,FL,32539,,
2008,S CHURCH ST,S Church St,BURLINGTON,Burlington,NC,27215,,
117,LUCILLE CHEEK DR,Lucille Cheek Dr,SILER CITY,Siler City,NC,27344,,
809,N SUMMIT ST,N Summit St,TOLEDO,Toledo,OH,43604,,
331,FIELDWOOD DR,Fieldwood Dr,ROCHESTER,Rochester,NY,14609,,
759,OLD SANFORD RD,Old Sanford Rd,MONCURE,Moncure,NC,27559,,
1219,N SUMMIT ST,N Summit St,TOLEDO,Toledo,OH,43604,,
400,TRAIL FOUR,Trail Four,BURLINGTON,Burlington,NC,27215,,
14873,HIDDEN ROCK DRIVE,Hidden Rock Drive,Grass Valley,Grass Valley,CA,95949,,
195,PLAZA DR,Plaza Dr,CHAPEL HILL,Chapel Hill,NC,27517,,
14970,NORTH COUNTRY ROAD,North Country Road,Grass Valley,Grass Valley,CA,95949,,
14820,HIDDEN ROCK DRIVE,Hidden Rock Drive,Grass Valley,Grass Valley,CA,95949,,
335,JOE BROWN RD,Joe Brown Rd,BEAR CREEK,Bear Creek,NC,27207,,
1885,MOUNTAIN VIEW PL,Mountain View Pl,LOS ALAMOS,Los Alamos,NM,87544,,
730,N SUMMIT ST,N Summit St,TOLEDO,Toledo,OH,43604,,
824,POPLAR TRL,Poplar Trl,SILER CITY,Siler City,NC,27344,,
996,GEES GROVE RD,Gees Grove Rd,SILER CITY,Siler City,NC,27344,,
1624,S CHURCH ST,S Church St,BURLINGTON,Burlington,NC,27215,,
10071,HERITAGE OAK DRIVE,Heritage Oak Drive,Grass Valley,Grass Valley,CA,95949,,
10068,HERITAGE OAK DRIVE,Heritage Oak Drive,Grass Valley,Grass Valley,CA,95949,,
2090,CRAWFORD DAIRY RD,Crawford Dairy Rd,CHAPEL HILL,Chapel Hill,NC,27516,,
21318,SE ALDER CT,Se Alder Ct,GRESHAM,Gresham,OR,97030,,
10243,TIMBERLAND DRIVE,Timberland Drive,Grass Valley,Grass Valley,CA,95949,,
214,WALNUT ST,Walnut St,TOLEDO,Toledo,OH,43604,,
303,RIM RD,Rim Rd,LOS ALAMOS,Los Alamos,NM,87544,,
963,EIGHT MILE CEMETERY RD,Eight Mile Cemetery Rd,DEFUNIAK SPRINGS,Defuniak Springs,FL,32433,,
1137,S CO HIGHWAY 395,S Co Highway 395,SANTA ROSA BEACH,Santa Rosa Beach,FL,32459,,
10346,DALEWOOD WAY,Dalewood Way,Grass Valley,Grass Valley,CA,95949,,
39,HANKS DR,Hanks Dr,SILER CITY,Siler City,NC,27344,,
98,N WINSTON LN,N Winston Ln,INLET BEACH,Inlet Beach,FL,32461,,
10135,SAWMILL LOOP,Sawmill Loop,Grass Valley,Grass Valley,CA,95949,,
1474,NE LIBERTY AVE,Ne Liberty Ave,GRESHAM,Gresham,OR,97030,,
1609,S CHURCH ST,S Church St,BURLINGTON,Burlington,NC,27215,,
307,BUSH ST,Bush St,TOLEDO,Toledo,OH,43609,,
413,MCKINLEY PL,Mckinley Pl,MEBANE,Mebane,NC,27302,,
1865,CO HIGHWAY 1883,Co Highway 1883,DEFUNIAK SPRINGS,Defuniak Springs,FL,32433,,
10125,TIMBERLAND DRIVE,Timberland Drive,Grass Valley,Grass Valley,CA,95949,,
1022,N SUPERIOR ST,N Superior St,TOLEDO,Toledo,OH,43604,,
127,LA SENDA RD,La Senda Rd,LOS ALAMOS,Los Alamos,NM,87547,,
215,LONG ACRE RD,Long Acre Rd,SILER CITY,Siler City,NC,27344,,
69,ROBYNS NEST LN,Robyns Nest Ln,PITTSBORO,Pittsboro,NC,27312,,
14,ELDERBERRY ST,Elderberry St,FREEPORT,Freeport,FL,32439,,
201,CHAPEL HILL RD,Chapel Hill Rd,BURLINGTON,Burlington,NC,27215,,
1905,LAKEWOOD FALLS RD,Lakewood Falls Rd,GOLDSTON,Goldston,NC,27252,,
14869,FINE DRIVE,Fine Drive,Grass Valley,Grass Valley,CA,95949,,
10108,TIMBERLAND DRIVE,Timberland Drive,Grass Valley,Grass Valley,CA,95949,,
3225,SILER CITY GLENDON RD,Siler City Glendon Rd,SILER CITY,Siler City,NC,27344,,
2129,34TH ST,34Th St,LOS ALAMOS,Los Alamos,NM,87544,,
112,N GURNEY ST,N Gurney St,BURLINGTON,Burlington,NC,27215,,
3380,SW 18TH CT,Sw 18Th Ct,GRESHAM,Gresham,OR,97080,,
10031,RAGGIO PLACE,Raggio Place,Grass Valley,Grass Valley,CA,95949,,
185,PLAZA DR,Plaza Dr,CHAPEL HILL,Chapel Hill,NC,27517,,
1090,MYRTLE ST,Myrtle St,LOS ALAMOS,Los Alamos,NM,87544,,
320,LAGRANGE ST,Lagrange St,TOLEDO,Toledo,OH,43604,,
3248,SW 18TH CT,Sw 18Th Ct,GRESHAM,Gresham,OR,97080,,
10183,WOODLEAF CIRCLE,Woodleaf Circle,Grass Valley,Grass Valley,CA,95949,,
21311,SE ALDER CT,Se Alder Ct,GRESHAM,Gresham,OR,97030,,
160,LA CUEVA,La Cueva,LOS ALAMOS,Los Alamos,NM,87544,,
10366,DALEWOOD WAY,Dalewood Way,Grass Valley,Grass Valley,CA,95949,,
1316,N SUPERIOR ST,N Superior St,TOLEDO,Toledo,OH,43611,,
235,SW BRUGGER ST,Sw Brugger St,PORTLAND,Portland,OR,97219,,
3627,SE 24TH CT,Se 24Th Ct,GRESHAM,Gresham,OR,97080,,
39,N SUMMIT ST,N Summit St,TOLEDO,Toledo,OH,43604,,
1476,NE 16TH WAY,Ne 16Th Way,GRESHAM,Gresham,OR,97030,,
72,MIDLAND AV,Midland Av,ROCHESTER,Rochester,NY,14621,,
335,WEAVER ST,Weaver St,ROCHESTER,Rochester,NY,14621,,
12,N ST CLAIR ST,N St Clair St,TOLEDO,Toledo,OH,43604,,
67,CLEMATIS ST,Clematis St,ROCHESTER,Rochester,NY,14612,,
31004,RELIEF HILL ROAD,Relief Hill Road,Nevada City,Nevada City,CA,95959,,
108,LAUREL HILL DR,Laurel Hill Dr,BURLINGTON,Burlington,NC,27215,,
21,DEPOT ST,Depot St,TOLEDO,Toledo,OH,43604,,
14871,HIDDEN ROCK DRIVE,Hidden Rock Drive,Grass Valley,Grass Valley,CA,95949,,
215,LOCUST ST,Locust St,TOLEDO,Toledo,OH,43604,,
195,PLAZA DR,Plaza Dr,CHAPEL HILL,Chapel Hill,NC,27517,,
333,BUSH ST,Bush St,TOLEDO,Toledo,OH,43604,,
937,OSTRICH LN,Ostrich Ln,TOLEDO,Toledo,OH,43604,,
1004,ADMINISTRATION DR,Administration Dr,MIRAMAR BEACH,Miramar Beach,FL,32550,,
1557,NE VISTA WAY,Ne Vista Way,GRESHAM,Gresham,OR,97030,,
10014,HERITAGE OAK DRIVE,Heritage Oak Drive,Grass Valley,Grass Valley,CA,95949,,
67,LA PALOMA DR,La Paloma Dr,LOS ALAMOS,Los Alamos,NM,87547,,
1360,BARRANCA RD,Barranca Rd,LOS ALAMOS,Los Alamos,NM,87544,,
107,LAUREL HILL DR,Laurel Hill Dr,BURLINGTON,Burlington,NC,27215,,
10011,GOLDEN SHORE DRIVE,Golden Shore Drive,Grass Valley,Grass Valley,CA,95949,,
3786,AIRPORT RD,Airport Rd,SILER CITY,Siler City,NC,27344,,
102,BELL ST,Bell St,BURLINGTON,Burlington,NC,27215,,
112,ALAMANCE RD,Alamance Rd,BURLINGTON,Burlington,NC,27215,,
15,S ST CLAIR ST,S St Clair St,TOLEDO,Toledo,OH,43602,,
1345,NE 15TH LN,Ne 15Th Ln,GRESHAM,Gresham,OR,97030,,
1331,NE 16TH WAY,Ne 16Th Way,GRESHAM,Gresham,OR,97030,,
851,45TH ST,45Th St,LOS ALAMOS,Los Alamos,NM,87544,,
14814,RYDER COURT,Ryder Court,Grass Valley,Grass Valley,CA,95949,,
10189,WOODLEAF CIRCLE,Woodleaf Circle,Grass Valley,Grass Valley,CA,95949,,
144,SYKE ST,Syke St,ROCHESTER,Rochester,NY,14611,,
1624,NE LIBERTY AVE,Ne Liberty Ave,GRESHAM,Gresham,OR,97030,,
1492,BOB SIKES RD,Bob Sikes Rd,DEFUNIAK SPRINGS,Defuniak Springs,FL,32435,,
1920,CAMINO MANZANA,Camino Manzana,LOS ALAMOS,Los Alamos,NM,87544,,
1340,MACK BAYOU RD,Mack Bayou Rd,SANTA ROSA BEACH,Santa Rosa Beach,FL,32459,,
2769,WALNUT ST,Walnut St,LOS ALAMOS,Los Alamos,NM,87544,,
218,LOCUST ST,Locust St,TOLEDO,Toledo,OH,43604,,
914,ESTATES DR,Estates Dr,LOS ALAMOS,Los Alamos,NM,87544,,
133,TROUT CIR,Trout Cir,FREEPORT,Freeport,FL,32439,,
2884,AIRPORT RD,Airport Rd,SILER CITY,Siler City,NC,27344,,
24,MERIDEN ST,Meriden St,ROCHESTER,Rochester,NY,14612,,
407,ALAMANCE RD,Alamance Rd,BURLINGTON,Burlington,NC,27215,,
1010,OAKLEY CHURCH RD,Oakley Church Rd,BEAR CREEK,Bear Creek,NC,27207,,
270,MONCURE PITTSBORO RD,Moncure Pittsboro Rd,MONCURE,Moncure,NC,27559,,
2557,45TH ST,45Th St,LOS ALAMOS,Los Alamos,NM,87544,,
322,ELM ST,Elm St,TOLEDO,Toledo,OH,43604,,
3719,SE 24TH CT,Se 24Th Ct,GRESHAM,Gresham,OR,97080,,
13001,DROUGHTON CT,Droughton Ct,CHAPEL HILL,Chapel Hill,NC,27517,,
21336,SE ALDER CT,Se Alder Ct,GRESHAM,Gresham,OR,97030,,
1015,N SUMMIT ST,N Summit St,TOLEDO,Toledo,OH,43604,,
140,CHELSEY LN,Chelsey Ln,SANTA ROSA BEACH,Santa Rosa Beach,FL,32459,,
294,BELLEMONT RD,Bellemont Rd,PITTSBORO,Pittsboro,NC,27312,,
975,NAMBE LOOP,Nambe Loop,LOS ALAMOS,Los Alamos,NM,87544,,
322,LOCUST ST,Locust St,TOLEDO,Toledo,OH,43604,,
10310,DALEWOOD WAY,Dalewood Way,Grass Valley,Grass Valley,CA,95949,,
1313,COY BURGESS LOOP,Coy Burgess Loop,DEFUNIAK SPRINGS,Defuniak Springs,FL,32435,,
830,N SUPERIOR ST,N Superior St,TOLEDO,Toledo,OH,43604,,
412,BEACH AV,Beach Av,ROCHESTER,Rochester,NY,14612,,
10199,TIMBERLAND DRIVE,Timberland Drive,Grass Valley,Grass Valley,CA,95949,,
690,TOTAVI,Totavi,LOS ALAMOS,Los Alamos,NM,87544,,
111,E BURDICK AVE,E Burdick Ave,DEFUNIAK SPRINGS,Defuniak Springs,FL,32433,,
1317,N SUMMIT ST,N Summit St,TOLEDO,Toledo,OH,43604,,
10065,DALEWOOD WAY,Dalewood Way,Grass Valley,Grass Valley,CA,95949,,
2301,LAMONT NORWOOD RD,Lamont Norwood Rd,PITTSBORO,Pittsboro,NC,27312,,
10,ENCHANTED WAY,Enchanted Way,SANTA ROSA BEACH,Santa Rosa Beach,FL,32459,,
10078,HERITAGE OAK DRIVE,Heritage Oak Drive,Grass Valley,Grass Valley,CA,95949,,
10331,TIMBERLAND DRIVE,Timberland Drive,Grass Valley,Grass Valley,CA,95949,,
14825,HIDDEN ROCK DRIVE,Hidden Rock Drive,Grass Valley,Grass Valley,CA,95949,,
760,CAMINO CEREZA,Camino Cereza,LOS ALAMOS,Los Alamos,NM,87544,,
1092,MARSHALL RD,Marshall Rd,PITTSBORO,Pittsboro,NC,27312,,
1340,SIOUX,Sioux,LOS ALAMOS,Los Alamos,NM,87544,,
210,CHERRY ST,Cherry St,TOLEDO,Toledo,OH,43604,,
120,N GURNEY ST,N Gurney St,BURLINGTON,Burlington,NC,27215,,
142,PECK CAWTHON RD,Peck Cawthon Rd,DEFUNIAK SPRINGS,Defuniak Springs,FL,32435,,
2886,VILLA ST,Villa St,LOS ALAMOS,Los Alamos,NM,87544,,
315,ELM ST,Elm St,TOLEDO,Toledo,OH,43604,,
1954,CAMINO UVA,Camino Uva,LOS ALAMOS,Los Alamos,NM,87544,,
1437,NE LIBERTY AVE,Ne Liberty Ave,GRESHAM,Gresham,OR,97030,,
10304,TIMBERLAND DRIVE,Timberland Drive,Grass Valley,Grass Valley,CA,95949,,
1307,CHAT HOLLY RD,Chat Holly Rd,SANTA ROSA BEACH,Santa Rosa Beach,FL,32459,,
21,S ST CLAIR ST,S St Clair St,TOLEDO,Toledo,OH,43602,,
417,BALDWINS CROSSING,Baldwins Crossing,PITTSBORO,Pittsboro,NC,27312,,
314,BEACH AV,Beach Av,ROCHESTER,Rochester,NY,14612,,
74,SEASCAPE DR,Seascape Dr,ROCHESTER,Rochester,NY,14612,,
1066,SEMINOLE,Seminole,LOS ALAMOS,Los Alamos,NM,87544,,
1277,NE 14TH LN,Ne 14Th Ln,GRESHAM,Gresham,OR,97030,,
3509,AIRPORT RD,Airport Rd,SILER CITY,Siler City,NC,27344,,
236,SW SWEENEY ST,Sw Sweeney St,PORTLAND,Portland,OR,97239,,
1170,OLD LANDFILL RD,Old Landfill Rd,DEFUNIAK SPRINGS,Defuniak Springs,FL,32433,,
130,LA SENDA RD,La Senda Rd,LOS ALAMOS,Los Alamos,NM,87547,,
1750,SAM FIELDS RD,Sam Fields Rd,SILER CITY,Siler City,NC,27344,,
13002,DROUGHTON CT,Droughton Ct,CHAPEL HILL,Chapel Hill,NC,27517,,
438,MCCRAY RD,Mccray Rd,ALAMANCECOUNTY,Alamancecounty,NC,27217,,
2952,VILLA ST,Villa St,LOS ALAMOS,Los Alamos,NM,87544,,
31004,RELIEF HILL ROAD,Relief Hill Road,Nevada City,Nevada City,CA,95959,,
10178,SAWMILL LOOP,Sawmill Loop,Grass Valley,Grass Valley,CA,95949,,
10146,TIMBERLAND DRIVE,Timberland Drive,Grass Valley,Grass Valley,CA,95949,,
98,HENLEY ST,Henley St,ROCHESTER,Rochester,NY,14612,,
1445,CAMINO MEDIO,Camino Medio,LOS ALAMOS,Los Alamos,NM,87544,,
128,NOWLING DR,Nowling Dr,DEFUNIAK SPRINGS,Defuniak Springs,FL,32433,,
1966,CUMBRES PATIO,Cumbres Patio,LOS ALAMOS,Los Alamos,NM,87544,,
1497,NE LIBERTY AVE,Ne Liberty Ave,GRESHAM,Gresham,OR,97030,,
2330,VENIE ST,Venie St,BURLINGTON,Burlington,NC,27215,,
934,SILER CITY GLENDON RD,Siler City Glendon Rd,SILER CITY,Siler City,NC,27344,,
764,PARKER HERNDON RD,Parker Herndon Rd,PITTSBORO,Pittsboro,NC,27312,,
14851,FINE DRIVE,Fine Drive,Grass Valley,Grass Valley,CA,95949,,
394,BEACH AV,Beach Av,ROCHESTER,Rochester,NY,14612,,
806,HIGHLAND TRL,Highland Trl,CHAPEL HILL,Chapel Hill,NC,27516,,
808,HIGHLAND TRL,Highland Trl,CHAPEL HILL,Chapel Hill,NC,27516,,
10210,CO HIGHWAY 3280,Co Highway 3280,PONCE DE LEON,Ponce De Leon,FL,32455,,
12131,US 15-501  N,Us 15-501  N,CHAPEL HILL,Chapel Hill,NC,27516,,
158,SCOTTON MATTHEWS DR,Scotton Matthews Dr,SILER CITY,Siler City,NC,27344,,
867,KRISTI LN,Kristi Ln,LOS ALAMOS,Los Alamos,NM,87544,,
1040,N CO HIGHWAY 395,N Co Highway 395,SANTA ROSA BEACH,Santa Rosa Beach,FL,32459,,
112,EAST RD,East Rd,LOS ALAMOS,Los Alamos,NM,87544,,
10005,SUNWARD WAY,Sunward Way,Grass Valley,Grass Valley,CA,95949,,
10383,DALEWOOD WAY,Dalewood Way,Grass Valley,Grass Valley,CA,95949,,
10299,TIMBERLAND DRIVE,Timberland Drive,Grass Valley,Grass Valley,CA,95949,,
2604,SUMAC LN,Sumac Ln,BURLINGTON,Burlington,NC,27215,,
3723,SE 24TH CT,Se 24Th Ct,GRESHAM,Gresham,OR,97080,,
10123,SAWMILL LOOP,Sawmill Loop,Grass Valley,Grass Valley,CA,95949,,
593,HOWARD GILLILAND RD,Howard Gilliland Rd,SILER CITY,Siler City,NC,27344,,
100,CRYSTAL COVE LN,Crystal Cove Ln,MIRAMAR BEACH,Miramar Beach,FL,32550,,
181,TAOS,Taos,LOS ALAMOS,Los Alamos,NM,87544,,
14836,HIDDEN ROCK DRIVE,Hidden Rock Drive,Grass Valley,Grass Valley,CA,95949,,
313,TRAIL THREE,Trail Three,BURLINGTON,Burlington,NC,27215,,
63,PETE ROBERSON RD,Pete Roberson Rd,PITTSBORO,Pittsboro,NC,27312,,
204,SYCAMORE ST,Sycamore St,TOLEDO,Toledo,OH,43612,,
10177,WOODLEAF CIRCLE,Woodleaf Circle,Grass Valley,Grass Valley,CA,95949,,
107,ENGLEMAN AV,Engleman Av,BURLINGTON,Burlington,NC,27215,,
2295,MAY DR,May Dr,BURLINGTON,Burlington,NC,27215,,
2224,S CHURCH ST,S Church St,BURLINGTON,Burlington,NC,27215,,
1226,N SUPERIOR ST,N Superior St,TOLEDO,Toledo,OH,43604,,
1481,S CO HIGHWAY 393,S Co Highway 393,SANTA ROSA BEACH,Santa Rosa Beach,FL,32459,,
5760,NC 87  S,Nc 87  S,MONCURE,Moncure,NC,27559,,
202,N SUMMIT ST,N Summit St,TOLEDO,Toledo,OH,43604,,
820,N SUPERIOR ST,N Superior St,TOLEDO,Toledo,OH,43604,,
2428,FOXFIRE LN,Foxfire Ln,ALAMANCECOUNTY,Alamancecounty,NC,27217,,
2722,NC 87  S,Nc 87  S,MONCURE,Moncure,NC,27559,,
1324,N SUPERIOR ST,N Superior St,TOLEDO,Toledo,OH,43604,,
10188,GRANT COURT,Grant Court,Grass Valley,Grass Valley,CA,95949,,
10318,DALEWOOD WAY,Dalewood Way,Grass Valley,Grass Valley,CA,95949,,
217,LOCUST ST,Locust St,TOLEDO,Toledo,OH,43604,,
43,S ST CLAIR ST,S St Clair St,TOLEDO,Toledo,OH,43602,,
10401,DALEWOOD WAY,Dalewood Way,Grass Valley,Grass Valley,CA,95949,,
1707,SYKES ST,Sykes St,BURLINGTON,Burlington,NC,27215,,
3645,SE 24TH CT,Se 24Th Ct,GRESHAM,Gresham,OR,97080,,
1539,NE VISTA WAY,Ne Vista Way,GRESHAM,Gresham,OR,97030,,
972,NAMBE LOOP,Nambe Loop,LOS ALAMOS,Los Alamos,NM,87544,,
108,MOUNTAIN TOP DUNE DR,Mountain Top Dune Dr,SANTA ROSA BEACH,Santa Rosa Beach,FL,32459,,
47,DEAD RIVER RD,Dead River Rd,PONCE DE LEON,Ponce De Leon,FL,32455,,
618,BEACH AV,Beach Av,ROCHESTER,Rochester,NY,14612,,
27,MERIDEN ST,Meriden St,ROCHESTER,Rochester,NY,14612,,
288,EAST ST,East St,PITTSBORO,Pittsboro,NC,27312,,
14848,FINE DRIVE,Fine Drive,Grass Valley,Grass Valley,CA,95949,,
77,AGNES ST,Agnes St,ROCHESTER,Rochester,NY,14621,,
204,N GURNEY ST,N Gurney St,BURLINGTON,Burlington,NC,27215,,
10057,DALEWOOD WAY,Dalewood Way,Grass Valley,Grass Valley,CA,95949,,
1606,SYKES ST,Sykes St,BURLINGTON,Burlington,NC,27215,,
31004,RELIEF HILL ROAD,Relief Hill Road,Nevada City,Nevada City,CA,95959,,
6157,N NC 119 HWY,N Nc 119 Hwy,ALAMANCECOUNTY,Alamancecounty,NC,27217,,
1538,OVERBROOK RD,Overbrook Rd,BURLINGTON,Burlington,NC,27215,,
10098,HERITAGE OAK DRIVE,Heritage Oak Drive,Grass Valley,Grass Valley,CA,95949,,
2431,CANYON GLEN,Canyon Glen,LOS ALAMOS,Los Alamos,NM,87544,,
14868,FINE DRIVE,Fine Drive,Grass Valley,Grass Valley,CA,95949,,
210,BAYOU LANDING RD,Bayou Landing Rd,SANTA ROSA BEACH,Santa Rosa Beach,FL,32459,,
116,AMADEUS AVE,Amadeus Ave,FREEPORT,Freeport,FL,32439,,
10041,GOLDEN SHORE DRIVE,Golden Shore Drive,Grass Valley,Grass Valley,CA,95949,,
1457,N SUMMIT ST,N Summit St,TOLEDO,Toledo,OH,43604,,
10087,SAWMILL LOOP,Sawmill Loop,Grass Valley,Grass Valley,CA,95949,,
1051,APLIN RD,Aplin Rd,DEFUNIAK SPRINGS,Defuniak Springs,FL,32433,,
567,BEACH AV,Beach Av,ROCHESTER,Rochester,NY,14612,,
10296,ROCK HILL RD,Rock Hill Rd,PONCE DE LEON,Ponce De Leon,FL,32455,,
315,CHESTNUT ST,Chestnut St,TOLEDO,Toledo,OH,43604,,
14817,HIDDEN ROCK DRIVE,Hidden Rock Drive,Grass Valley,Grass Valley,CA,95949,,
467,MCCRAY RD,Mccray Rd,ALAMANCECOUNTY,Alamancecounty,NC,27217,,
10181,TIMBERLAND DRIVE,Timberland Drive,Grass Valley,Grass Valley,CA,95949,,
590,BEACH AV,Beach Av,ROCHESTER,Rochester,NY,14612,,
998,PETE THOMAS RD,Pete Thomas Rd,PITTSBORO,Pittsboro,NC,27312,,
1023,FOREMAN RD,Foreman Rd,DEFUNIAK SPRINGS,Defuniak Springs,FL,32435,,
14827,RYDER COURT,Ryder Court,Grass Valley,Grass Valley,CA,95949,,
10130,TIMBERLAND DRIVE,Timberland Drive,Grass Valley,Grass Valley,CA,95949,,
1650,NE LIBERTY AVE,Ne Liberty Ave,GRESHAM,Gresham,OR,97030,,
994,ALAMO RD,Alamo Rd,LOS ALAMOS,Los Alamos,NM,87544,,
945,CAPULIN RD,Capulin Rd,LOS ALAMOS,Los Alamos,NM,87544,,
10122,TIMBERLAND DRIVE,Timberland Drive,Grass Valley,Grass Valley,CA,95949,,
807,N SUMMIT ST,N Summit St,TOLEDO,Toledo,OH,43604,,
2285,MAY DR,May Dr,BURLINGTON,Burlington,NC,27215,,
2414,36TH ST,36Th St,LOS ALAMOS,Los Alamos,NM,87544,,
1629,S CHURCH ST,S Church St,BURLINGTON,Burlington,NC,27215,,
371,CHERYL AVE,Cheryl Ave,LOS ALAMOS,Los Alamos,NM,87547,,
210,CHERRY ST,Cherry St,TOLEDO,Toledo,OH,43604,,
34,CAMDEN ST,Camden St,ROCHESTER,Rochester,NY,14612,,
321,ELM ST,Elm St,TOLEDO,Toledo,OH,43604,,
11178,US HIGHWAY 331  S,Us Highway 331  S,FREEPORT,Freeport,FL,32439,,
4851,TRINITY DR,Trinity Dr,LOS ALAMOS,Los Alamos,NM,87544,,
1811,S CHURCH ST,S Church St,BURLINGTON,Burlington,NC,27215,,
128,N SUMMIT ST,N Summit St,TOLEDO,Toledo,OH,43604,,
10086,TIMBERLAND DRIVE,Timberland Drive,Grass Valley,Grass Valley,CA,95949,,
685,GILLILAND RD,Gilliland Rd,SILER CITY,Siler City,NC,27344,,
429,NATURAL BRIDGE RD,Natural Bridge Rd,DEFUNIAK SPRINGS,Defuniak Springs,FL,32433,,
2345,48TH ST,48Th St,LOS ALAMOS,Los Alamos,NM,87544,,
206,PINE ST,Pine St,TOLEDO,Toledo,OH,43604,,
235,SW WHITAKER ST,Sw Whitaker St,PORTLAND,Portland,OR,97239,,
915,N SUMMIT ST,N Summit St,TOLEDO,Toledo,OH,43604,,
1576,NE VISTA WAY,Ne Vista Way,GRESHAM,Gresham,OR,97030,,
61,BRADDOCK ST,Braddock St,ROCHESTER,Rochester,NY,14612,,
10417,US HIGHWAY 331  S,Us Highway 331  S,DEFUNIAK SPRINGS,Defuniak Springs,FL,32435,,
702,GLOSSON RD,Glosson Rd,SILER CITY,Siler City,NC,27344,,
1108,MORRIS RD,Morris Rd,PITTSBORO,Pittsboro,NC,27312,,
4244,RIDGEWAY DR,Ridgeway Dr,LOS ALAMOS,Los Alamos,NM,87544,,
146,COMMERCE CIR,Commerce Cir,DEFUNIAK SPRINGS,Defuniak Springs,FL,32433,,
1176,WALLACE RD,Wallace Rd,DEFUNIAK SPRINGS,Defuniak Springs,FL,32433,,
2708,CRESTWOOD DR,Crestwood Dr,BURLINGTON,Burlington,NC,27215,,
112,DOGWOOD DR,Dogwood Dr,BURLINGTON,Burlington,NC,27215,,
381,JOE BROWN RD,Joe Brown Rd,BEAR CREEK,Bear Creek,NC,27207,,
10012,SUNWARD WAY,Sunward Way,Grass Valley,Grass Valley,CA,95949,,
1549,NE LIBERTY AVE,Ne Liberty Ave,GRESHAM,Gresham,OR,97030,,
364,BOAT WRIGHT WAY,Boat Wright Way,INLET BEACH,Inlet Beach,FL,32461,,
32,SILVER ST,Silver St,ROCHESTER,Rochester,NY,14611,,
10190,SAWMILL LOOP,Sawmill Loop,Grass Valley,Grass Valley,CA,95949,,
1111,ADAMS RANCH RD,Adams Ranch Rd,DEFUNIAK SPRINGS,Defuniak Springs,FL,32433,,
945,SAN ILDEFONSO RD,San Ildefonso Rd,LOS ALAMOS,Los Alamos,NM,87544,,
155,WEAVER ST,Weaver St,ROCHESTER,Rochester,NY,14621,,
206,LAUREL HILL DR,Laurel Hill Dr,BURLINGTON,Burlington,NC,27215,,
10025,SUNWARD WAY,Sunward Way,Grass Valley,Grass Valley,CA,95949,,
1880,CAMINO UVA,Camino Uva,LOS ALAMOS,Los Alamos,NM,87544,,
380,REBECCA LN,Rebecca Ln,SILER CITY,Siler City,NC,27344,,
239,YORK ST,York St,ROCHESTER,Rochester,NY,14611,,
108,S ORANGE ST,S Orange St,INLET BEACH,Inlet Beach,FL,32461,,
4200,RIDGEWAY DR,Ridgeway Dr,LOS ALAMOS,Los Alamos,NM,87544,,
2130,S CHURCH ST,S Church St,BURLINGTON,Burlington,NC,27215,,
109,TRAIL ONE,Trail One,BURLINGTON,Burlington,NC,27215,,
94,ROBERT LN,Robert Ln,PITTSBORO,Pittsboro,NC,27312,,
104,EDEN'S LANDING CIR,Eden'S Landing Cir,SANTA ROSA BEACH,Santa Rosa Beach,FL,32459,,
10459,STATE HIGHWAY 20  E,State Highway 20  E,PONCE DE LEON,Ponce De Leon,FL,32455,,
14830,HIDDEN ROCK DRIVE,Hidden Rock Drive,Grass Valley,Grass Valley,CA,95949,,
961,OTOWI PL,Otowi Pl,LOS ALAMOS,Los Alamos,NM,87544,,
187,GLIDE ST,Glide St,ROCHESTER,Rochester,NY,14611,,
703,HIGHLAND TRL,Highland Trl,CHAPEL HILL,Chapel Hill,NC,27516,,
400,ASHLEY CT,Ashley Ct,SILER CITY,Siler City,NC,27344,,
1310,BARRANCA RD,Barranca Rd,LOS ALAMOS,Los Alamos,NM,87544,,
2214,TRAIL FIVE,Trail Five,BURLINGTON,Burlington,NC,27215,,
525,CAMINO CEREZA,Camino Cereza,LOS ALAMOS,Los Alamos,NM,87544,,
10108,HERITAGE OAK DRIVE,Heritage Oak Drive,Grass Valley,Grass Valley,CA,95949,,
10194,TIMBERLAND DRIVE,Timberland Drive,Grass Valley,Grass Valley,CA,95949,,
1883,CAMINO UVA,Camino Uva,LOS ALAMOS,Los Alamos,NM,87544,,
101,W PICASSO CIR,W Picasso Cir,DEFUNIAK SPRINGS,Defuniak Springs,FL,32433,,
1264,SAM FIELDS RD,Sam Fields Rd,SILER CITY,Siler City,NC,27344,,
17,ALPHA ST,Alpha St,ROCHESTER,Rochester,NY,14612,,
122,CANYON VISTA,Canyon Vista,LOS ALAMOS,Los Alamos,NM,87547,,
14842,HIDDEN ROCK DRIVE,Hidden Rock Drive,Grass Valley,Grass Valley,CA,95949,,
174,FIELDWOOD DR,Fieldwood Dr,ROCHESTER,Rochester,NY,14609,,
8,HATCHER CEMETERY RD,Hatcher Cemetery Rd,FREEPORT,Freeport,FL,32439,,
115,FOREST ST,Forest St,BURLINGTON,Burlington,NC,27215,,
144,REDDICK LOOP,Reddick Loop,PONCE DE LEON,Ponce De Leon,FL,32455,,
126,ANDANADA,Andanada,LOS ALAMOS,Los Alamos,NM,87544,,
808,N SUPERIOR ST,N Superior St,TOLEDO,Toledo,OH,43604,,
1417,N SUMMIT ST,N Summit St,TOLEDO,Toledo,OH,43604,,
48,BLEACKER RD,Bleacker Rd,ROCHESTER,Rochester,NY,14609,,
10173,WOODLEAF CIRCLE,Woodleaf Circle,Grass Valley,Grass Valley,CA,95949,,
2441,W CO HIGHWAY 30A,W Co Highway 30A,SANTA ROSA BEACH,Santa Rosa Beach,FL,32459,,
148,JACKS RD,Jacks Rd,PONCE DE LEON,Ponce De Leon,FL,32455,,
10073,DALEWOOD WAY,Dalewood Way,Grass Valley,Grass Valley,CA,95949,,
155,DELAMAINE DR,Delamaine Dr,ROCHESTER,Rochester,NY,14621,,
2010,PETE THOMAS RD,Pete Thomas Rd,PITTSBORO,Pittsboro,NC,27312,,
1012,N SUPERIOR ST,N Superior St,TOLEDO,Toledo,OH,43604,,
231,YORK ST,York St,ROCHESTER,Rochester,NY,14611,,
1300,SIOUX,Sioux,LOS ALAMOS,Los Alamos,NM,87544,,
1989,GIBSONVILLE OSSIPEE RD,Gibsonville Ossipee Rd,ALAMANCECOUNTY,Alamancecounty,NC,27244,,
193,PIEDRA LOOP,Piedra Loop,LOS ALAMOS,Los Alamos,NM,87547,,
35,THOMPSON ST,Thompson St,PITTSBORO,Pittsboro,NC,27312,,
10168,TIMBERLAND DRIVE,Timberland Drive,Grass Valley,Grass Valley,CA,95949,,
937,N SUMMIT ST,N Summit St,TOLEDO,Toledo,OH,43604,,
3615,SE 24TH CT,Se 24Th Ct,GRESHAM,Gresham,OR,97080,,
4123,OLD GRAHAM RD,Old Graham Rd,PITTSBORO,Pittsboro,NC,27312,,
10031,HERITAGE OAK DRIVE,Heritage Oak Drive,Grass Valley,Grass Valley,CA,95949,,
2087,47TH ST,47Th St,LOS ALAMOS,Los Alamos,NM,87544,,
1436,NE VISTA WAY,Ne Vista Way,GRESHAM,Gresham,OR,97030,,
249,PLANTATION CIR,Plantation Cir,SANTA ROSA BEACH,Santa Rosa Beach,FL,32459,,
141,TROUT CIR,Trout Cir,FREEPORT,Freeport,FL,32439,,
411,MCKINLEY PL,Mckinley Pl,MEBANE,Mebane,NC,27302,,
10,MAGICAL PL,Magical Pl,SANTA ROSA BEACH,Santa Rosa Beach,FL,32459,,
140,MELROSE AVE,Melrose Ave,SANTA ROSA BEACH,Santa Rosa Beach,FL,32459,,
124,N SUMMIT ST,N Summit St,TOLEDO,Toledo,OH,43604,,
49,GLEN RIDGE DR,Glen Ridge Dr,CHAPEL HILL,Chapel Hill,NC,27516,,
508,SULLIVAN DR,Sullivan Dr,SILER CITY,Siler City,NC,27344,,
235,SW PALATINE HILL RD,Sw Palatine Hill Rd,PORTLAND,Portland,OR,97219,,
4200,COY BURGESS LOOP,Coy Burgess Loop,DEFUNIAK SPRINGS,Defuniak Springs,FL,32435,,
1425,N SUMMIT ST,N Summit St,TOLEDO,Toledo,OH,43604,,
10291,TIMBERLAND DRIVE,Timberland Drive,Grass Valley,Grass Valley,CA,95949,,
1119,N SUMMIT ST,N Summit St,TOLEDO,Toledo,OH,43604,,
1231,N SUMMIT ST,N Summit St,TOLEDO,Toledo,OH,43604,,
10171,WOODLEAF CIRCLE,Woodleaf Circle,Grass Valley,Grass Valley,CA,95949,,
525,MCCRAY RD,Mccray Rd,ALAMANCECOUNTY,Alamancecounty,NC,27217,,
1522,NE VISTA WAY,Ne Vista Way,GRESHAM,Gresham,OR,97030,,
1919,S CHURCH ST,S Church St,BURLINGTON,Burlington,NC,27215,,
215,JOE BROWN RD,Joe Brown Rd,BEAR CREEK,Bear Creek,NC,27207,,
1488,NE VISTA WAY,Ne Vista Way,GRESHAM,Gresham,OR,97030,,
1178,WALLACE RD,Wallace Rd,DEFUNIAK SPRINGS,Defuniak Springs,FL,32433,,
235,SW RIDGE DR,Sw Ridge Dr,PORTLAND,Portland,OR,97219,,
1070,CO HIGHWAY 3280,Co Highway 3280,FREEPORT,Freeport,FL,32439,,
2134,S CHURCH ST,S Church St,BURLINGTON,Burlington,NC,27215,,
804,N SUMMIT ST,N Summit St,TOLEDO,Toledo,OH,43604,,
1158,MACK BAYOU RD,Mack Bayou Rd,SANTA ROSA BEACH,Santa Rosa Beach,FL,32459,,
18,N ST CLAIR ST,N St Clair St,TOLEDO,Toledo,OH,43604,,
2289,36TH ST,36Th St,LOS ALAMOS,Los Alamos,NM,87544,,
924,TEWA LOOP,Tewa Loop,LOS ALAMOS,Los Alamos,NM,87544,,
321,BUSH ST,Bush St,TOLEDO,Toledo,OH,43604,,
222,CHERRY ST,Cherry St,TOLEDO,Toledo,OH,43604,,
200,SYCAMORE ST,Sycamore St,TOLEDO,Toledo,OH,43612,,
10178,HERITAGE OAK DRIVE,Heritage Oak Drive,Grass Valley,Grass Valley,CA,95949,,
10196,GRANT COURT,Grant Court,Grass Valley,Grass Valley,CA,95949,,
66,CHANDLER LN,Chandler Ln,SILER CITY,Siler City,NC,27344,,
1915,SUNNYBROOK DR,Sunnybrook Dr,BURLINGTON,Burlington,NC,27215,,
3034,NICKEL ST,Nickel St,LOS ALAMOS,Los Alamos,NM,87544,,
558,QUAIL RIDGE RD,Quail Ridge Rd,DEFUNIAK SPRINGS,Defuniak Springs,FL,32435,,
675,TOTAVI,Totavi,LOS ALAMOS,Los Alamos,NM,87544,,
10160,TIMBERLAND DRIVE,Timberland Drive,Grass Valley,Grass Valley,CA,95949,,
10279,DALEWOOD WAY,Dalewood Way,Grass Valley,Grass Valley,CA,95949,,
3329,SW 18TH CT,Sw 18Th Ct,GRESHAM,Gresham,OR,97080,,
79,CLEMATIS ST,Clematis St,ROCHESTER,Rochester,NY,14612,,
10154,TIMBERLAND DRIVE,Timberland Drive,Grass Valley,Grass Valley,CA,95949,,
1320,N SUPERIOR ST,N Superior St,TOLEDO,Toledo,OH,43604,,
827,N SUMMIT ST,N Summit St,TOLEDO,Toledo,OH,43604,,
977,NAMBE LOOP,Nambe Loop,LOS ALAMOS,Los Alamos,NM,87544,,
43,BRADDOCK ST,Braddock St,ROCHESTER,Rochester,NY,14612,,
145,PLIMSOLL WAY,Plimsoll Way,SANTA ROSA BEACH,Santa Rosa Beach,FL,32459,,
116,SUMMIT ST PED. BRIDGE,Summit St Ped. Bridge,TOLEDO,Toledo,OH,43604,,
108,FOREST DR,Forest Dr,BURLINGTON,Burlington,NC,27215,,
25,PAUL ALSTON DR,Paul Alston Dr,SILER CITY,Siler City,NC,27344,,
622,GEES GROVE RD,Gees Grove Rd,SILER CITY,Siler City,NC,27344,,
10270,DALEWOOD WAY,Dalewood Way,Grass Valley,Grass Valley,CA,95949,,
14811,RYDER COURT,Ryder Court,Grass Valley,Grass Valley,CA,95949,,
201,OVERBROOK TER,Overbrook Ter,BURLINGTON,Burlington,NC,27215,,
2760,CANYON RD,Canyon Rd,LOS ALAMOS,Los Alamos,NM,87544,,
1032,SCENIC GULF DR,Scenic Gulf Dr,MIRAMAR BEACH,Miramar Beach,FL,32550,,
936,N SUPERIOR ST,N Superior St,TOLEDO,Toledo,OH,43604,,
89,BRADDOCK ST,Braddock St,ROCHESTER,Rochester,NY,14612,,
220,N SUMMIT ST,N Summit St,TOLEDO,Toledo,OH,43604,,
179,E KINGSTON RD,E Kingston Rd,INLET BEACH,Inlet Beach,FL,32461,,
1219,N SUMMIT ST,N Summit St,TOLEDO,Toledo,OH,43604,,
23,S ST CLAIR ST,S St Clair St,TOLEDO,Toledo,OH,43602,,
3341,SW 18TH CT,Sw 18Th Ct,GRESHAM,Gresham,OR,97080,,
1645,NE LIBERTY AVE,Ne Liberty Ave,GRESHAM,Gresham,OR,97030,,
195,PLAZA DR,Plaza Dr,CHAPEL HILL,Chapel Hill,NC,27517,,
10026,STATE HIGHWAY 20  E,State Highway 20  E,PONCE DE LEON,Ponce De Leon,FL,32455,,
2205,LOMA LINDA DR,Loma Linda Dr,LOS ALAMOS,Los Alamos,NM,87544,,
16,SAN JUAN,San Juan,LOS ALAMOS,Los Alamos,NM,87544,,
816,N SUMMIT ST,N Summit St,TOLEDO,Toledo,OH,43604,,
10026,HERITAGE OAK DRIVE,Heritage Oak Drive,Grass Valley,Grass Valley,CA,95949,,
2308,WOODRIDGE RD,Woodridge Rd,BURLINGTON,Burlington,NC,27215,,
114,N SUMMIT ST,N Summit St,TOLEDO,Toledo,OH,43604,,
10210,TIMBERLAND DRIVE,Timberland Drive,Grass Valley,Grass Valley,CA,95949,,
1128,G MONTGOMERY RD,G Montgomery Rd,DEFUNIAK SPRINGS,Defuniak Springs,FL,32435,,
10236,SAWMILL LOOP,Sawmill Loop,Grass Valley,Grass Valley,CA,95949,,
10183,SAWMILL LOOP,Sawmill Loop,Grass Valley,Grass Valley,CA,95949,,
10323,DALEWOOD WAY,Dalewood Way,Grass Valley,Grass Valley,CA,95949,,
195,KNECHT ST,Knecht St,LOS ALAMOS,Los Alamos,NM,87544,,
235,SW WHITAKER ST,Sw Whitaker St,PORTLAND,Portland,OR,97239,,
1620,S CHURCH ST,S Church St,BURLINGTON,Burlington,NC,27215,,
281,JONES RD,Jones Rd,SILER CITY,Siler City,NC,27344,,
10164,WOODLEAF CIRCLE,Woodleaf Circle,Grass Valley,Grass Valley,CA,95949,,
1017,STATE HIGHWAY 20  E,State Highway 20  E,FREEPORT,Freeport,FL,32439,,
203,WEAVER ST,Weaver St,ROCHESTER,Rochester,NY,14621,,
314,CHESTNUT ST,Chestnut St,TOLEDO,Toledo,OH,43604,,
143,OLD AIRPORT RD,Old Airport Rd,DEFUNIAK SPRINGS,Defuniak Springs,FL,32433,,
1482,PLANTERS DR N,Planters Dr N,LAUREL HILL,Laurel Hill,FL,32567,,
10813,E CO HIGHWAY 30A,E Co Highway 30A,INLET BEACH,Inlet Beach,FL,32461,,
1455,BOY SCOUT RD,Boy Scout Rd,DEFUNIAK SPRINGS,Defuniak Springs,FL,32435,,
31004,RELIEF HILL ROAD,Relief Hill Road,Nevada City,Nevada City,CA,95959,,
21,S SUMMIT ST,S Summit St,TOLEDO,Toledo,OH,43604,,
1604,SYKES ST,Sykes St,BURLINGTON,Burlington,NC,27215,,
812,N SUPERIOR ST,N Superior St,TOLEDO,Toledo,OH,43604,,
2303,S CHURCH ST,S Church St,BURLINGTON,Burlington,NC,27215,,
2405,GREEN VALLEY BLVD,Green Valley Blvd,GREEN LEVEL,Green Level,NC,27217,,
31,SEASCAPE DR,Seascape Dr,ROCHESTER,Rochester,NY,14612,,
1781,WRENN SMITH RD,Wrenn Smith Rd,SILER CITY,Siler City,NC,27344,,
121,BARRANCA RD,Barranca Rd,LOS ALAMOS,Los Alamos,NM,87544,,
1082,CO HIGHWAY 1087,Co Highway 1087,DEFUNIAK SPRINGS,Defuniak Springs,FL,32433,,
1318,N SUPERIOR ST,N Superior St,TOLEDO,Toledo,OH,43604,,
10405,US HIGHWAY 331  S,Us Highway 331  S,DEFUNIAK SPRINGS,Defuniak Springs,FL,32435,,
1024,WATER ST,Water St,TOLEDO,Toledo,OH,43604,,
214,CHAPEL HILL RD,Chapel Hill Rd,BURLINGTON,Burlington,NC,27215,,
31004,RELIEF HILL ROAD,Relief Hill Road,Nevada City,Nevada City,CA,95959,,
205,LOCUST ST,Locust St,TOLEDO,Toledo,OH,43604,,
1221,NE 14TH LN,Ne 14Th Ln,GRESHAM,Gresham,OR,97030,,
140,J HUNTER'S WAY N,J Hunter'S Way N,FREEPORT,Freeport,FL,32439,,
143,PROFESSIONAL PL,Professional Pl,MIRAMAR BEACH,Miramar Beach,FL,32550,,
963,OTOWI PL,Otowi Pl,LOS ALAMOS,Los Alamos,NM,87544,,
113,ROMAN RD,Roman Rd,DEFUNIAK SPRINGS,Defuniak Springs,FL,32433,,
504,MCCRAY RD,Mccray Rd,ALAMANCECOUNTY,Alamancecounty,NC,27217,,
255,PINEY BLUFF RD,Piney Bluff Rd,BEAR CREEK,Bear Creek,NC,27207,,
1219,N SUMMIT ST,N Summit St,TOLEDO,Toledo,OH,43604,,
310,CHESTNUT ST,Chestnut St,TOLEDO,Toledo,OH,43604,,
10202,TIMBERLAND DRIVE,Timberland Drive,Grass Valley,Grass Valley,CA,95949,,
1143,POYTHRESS RD,Poythress Rd,CHAPEL HILL,Chapel Hill,NC,27516,,
14855,HIDDEN ROCK DRIVE,Hidden Rock Drive,Grass Valley,Grass Valley,CA,95949,,
3146,NICKEL ST,Nickel St,LOS ALAMOS,Los Alamos,NM,87544,,
185,PLAZA DR,Plaza Dr,CHAPEL HILL,Chapel Hill,NC,27517,,
14862,HIDDEN ROCK DRIVE,Hidden Rock Drive,Grass Valley,Grass Valley,CA,95949,,
110,SKYLANE DR,Skylane Dr,ROCHESTER,Rochester,NY,14621,,
152,ZUNI,Zuni,LOS ALAMOS,Los Alamos,NM,87544,,
1061,GREAT HAMMOCK BEND,Great Hammock Bend,FREEPORT,Freeport,FL,32439,,
4102,FAIRWAY DR,Fairway Dr,LOS ALAMOS,Los Alamos,NM,87544,,
909,CAPULIN RD,Capulin Rd,LOS ALAMOS,Los Alamos,NM,87544,,
1310,N SUPERIOR ST,N Superior St,TOLEDO,Toledo,OH,43604,,
10281,TIMBERLAND DRIVE,Timberland Drive,Grass Valley,Grass Valley,CA,95949,,
21420,SE ALDER CT,Se Alder Ct,GRESHAM,Gresham,OR,97030,,
10187,GRANT COURT,Grant Court,Grass Valley,Grass Valley,CA,95949,,
1001,VENTNOR PL,Ventnor Pl,CARY,Cary,NC,27519,,
14849,HIDDEN ROCK DRIVE,Hidden Rock Drive,Grass Valley,Grass Valley,CA,95949,,
13,S SUMMIT ST,S Summit St,TOLEDO,Toledo,OH,43604,,
2163,44TH ST,44Th St,LOS ALAMOS,Los Alamos,NM,87544,,
1008,N SUPERIOR ST,N Superior St,TOLEDO,Toledo,OH,43604,,
21343,SE ALDER CT,Se Alder Ct,GRESHAM,Gresham,OR,97030,,
9234,STATE HIGHWAY 83,State Highway 83,DEFUNIAK SPRINGS,Defuniak Springs,FL,32433,,
1095,THOMPSON RD,Thompson Rd,SANTA ROSA BEACH,Santa Rosa Beach,FL,32459,,
1119,WATER ST,Water St,TOLEDO,Toledo,OH,43604,,
136,N SUMMIT ST,N Summit St,TOLEDO,Toledo,OH,43604,,
823,N SUMMIT ST,N Summit St,TOLEDO,Toledo,OH,43604,,
105,SHANNON DR,Shannon Dr,BURLINGTON,Burlington,NC,27215,,
1284,PUSLEY HILL RD,Pusley Hill Rd,PONCE DE LEON,Ponce De Leon,FL,32455,,
1834,S CHURCH ST,S Church St,BURLINGTON,Burlington,NC,27215,,
3251,SW 18TH CT,Sw 18Th Ct,GRESHAM,Gresham,OR,97080,,
10,WOODYARD RD,Woodyard Rd,DEFUNIAK SPRINGS,Defuniak Springs,FL,32435,,
2006,TRAIL TWO,Trail Two,BURLINGTON,Burlington,NC,27215,,
108,TRAIL ONE,Trail One,BURLINGTON,Burlington,NC,27215,,
35,N SUMMIT ST,N Summit St,TOLEDO,Toledo,OH,43604,,
939,ALAMO RD,Alamo Rd,LOS ALAMOS,Los Alamos,NM,87544,,
14824,HIDDEN ROCK DRIVE,Hidden Rock Drive,Grass Valley,Grass Valley,CA,95949,,
1490,HUB PRESLEY RD,Hub Presley Rd,LAUREL HILL,Laurel Hill,FL,32567,,
10356,DALEWOOD WAY,Dalewood Way,Grass Valley,Grass Valley,CA,95949,,
107,W HIBISCUS AVE,W Hibiscus Ave,DEFUNIAK SPRINGS,Defuniak Springs,FL,32433,,
1296,WESTERN LAKE DR,Western Lake Dr,SANTA ROSA BEACH,Santa Rosa Beach,FL,32459,,
47,S ST CLAIR ST,S St Clair St,TOLEDO,Toledo,OH,43602,,
1329,47TH ST,47Th St,LOS ALAMOS,Los Alamos,NM,87544,,
294,MT VIEW CHURCH RD,Mt View Church Rd,MONCURE,Moncure,NC,27559,,
148,CO HIGHWAY 147  W,Co Highway 147  W,LAUREL HILL,Laurel Hill,FL,32567,,
10302,DALEWOOD WAY,Dalewood Way,Grass Valley,Grass Valley,CA,95949,,
10081,HERITAGE OAK DRIVE,Heritage Oak Drive,Grass Valley,Grass Valley,CA,95949,,
74,LEE DIXON RD,Lee Dixon Rd,SILER CITY,Siler City,NC,27344,,
10198,WOODLEAF CIRCLE,Woodleaf Circle,Grass Valley,Grass Valley,CA,95949,,
2200,S CHURCH ST,S Church St,BURLINGTON,Burlington,NC,27215,,
537,CHATHAM DR,Chatham Dr,CHAPEL HILL,Chapel Hill,NC,27516,,
1455,NE LIBERTY AVE,Ne Liberty Ave,GRESHAM,Gresham,OR,97030,,
406,SULLIVAN DR,Sullivan Dr,SILER CITY,Siler City,NC,27344,,
10190,WOODLEAF CIRCLE,Woodleaf Circle,Grass Valley,Grass Valley,CA,95949,,
10015,SUNWARD WAY,Sunward Way,Grass Valley,Grass Valley,CA,95949,,
608,BEACH AV,Beach Av,ROCHESTER,Rochester,NY,14612,,
35,KLUEH ST,Klueh St,ROCHESTER,Rochester,NY,14611,,
195,JOE BROWN RD,Joe Brown Rd,BEAR CREEK,Bear Creek,NC,27207,,
614,BEACH AV,Beach Av,ROCHESTER,Rochester,NY,14612,,
18922,SE CLINTON ST,Se Clinton St,GRESHAM,Gresham,OR,97030,,
10339,DALEWOOD WAY,Dalewood Way,Grass Valley,Grass Valley,CA,95949,,
10,PENNY LN,Penny Ln,SANTA ROSA BEACH,Santa Rosa Beach,FL,32459,,
288,MEMORIAL LN,Memorial Ln,FREEPORT,Freeport,FL,32439,,
6,TIMBER RIDGE RD,Timber Ridge Rd,LOS ALAMOS,Los Alamos,NM,87544,,
14858,HIDDEN ROCK DRIVE,Hidden Rock Drive,Grass Valley,Grass Valley,CA,95949,,
21311,SE ALDER CT,Se Alder Ct,GRESHAM,Gresham,OR,97030,,
839,SCOTT WAY,Scott Way,LOS ALAMOS,Los Alamos,NM,87544,,
3342,CHATHAM CHURCH RD,Chatham Church Rd,MONCURE,Moncure,NC,27559,,
1911,CAMINO UVA,Camino Uva,LOS ALAMOS,Los Alamos,NM,87544,,
1241,OLD US 421  S,Old Us 421  S,SILER CITY,Siler City,NC,27344,,
10326,DALEWOOD WAY,Dalewood Way,Grass Valley,Grass Valley,CA,95949,,
105,W BRAHMS DR,W Brahms Dr,DEFUNIAK SPRINGS,Defuniak Springs,FL,32433,,
1422,NE 16TH WAY,Ne 16Th Way,GRESHAM,Gresham,OR,97030,,
10,OLD CAMP RD,Old Camp Rd,SANTA ROSA BEACH,Santa Rosa Beach,FL,32459,,
329,BUSH ST,Bush St,TOLEDO,Toledo,OH,43604,,
121,LOWES DR,Lowes Dr,PITTSBORO,Pittsboro,NC,27312,,
1815,HIGHVIEW ST,Highview St,BURLINGTON,Burlington,NC,27215,,
1101,OLD US 421  S,Old Us 421  S,SILER CITY,Siler City,NC,27344,,
24,CAMDEN ST,Camden St,ROCHESTER,Rochester,NY,14612,,
10323,TIMBERLAND DRIVE,Timberland Drive,Grass Valley,Grass Valley,CA,95949,,
14859,HIDDEN ROCK DRIVE,Hidden Rock Drive,Grass Valley,Grass Valley,CA,95949,,
2006,S CHURCH ST,S Church St,BURLINGTON,Burlington,NC,27215,,
235,SW WHITAKER ST,Sw Whitaker St,PORTLAND,Portland,OR,97239,,
1412,SCENIC GULF DR,Scenic Gulf Dr,MIRAMAR BEACH,Miramar Beach,FL,32550,,
404,SULLIVAN DR,Sullivan Dr,SILER CITY,Siler City,NC,27344,,
837,KRISTI LN,Kristi Ln,LOS ALAMOS,Los Alamos,NM,87544,,
818,N SUPERIOR ST,N Superior St,TOLEDO,Toledo,OH,43604,,
2010,S CHURCH ST,S Church St,BURLINGTON,Burlington,NC,27215,,
107,MARIE DR,Marie Dr,SANTA ROSA BEACH,Santa Rosa Beach,FL,32459,,
1306,N SUPERIOR ST,N Superior St,TOLEDO,Toledo,OH,43604,,
28,N ST CLAIR ST,N St Clair St,TOLEDO,Toledo,OH,43604,,
405,MCKINLEY PL,Mckinley Pl,MEBANE,Mebane,NC,27302,,
88,MC GUCKIN ST,Mc Guckin St,ROCHESTER,Rochester,NY,14611,,
72,LOMA DEL ESCOLAR,Loma Del Escolar,LOS ALAMOS,Los Alamos,NM,87544,,
10171,TIMBERLAND DRIVE,Timberland Drive,Grass Valley,Grass Valley,CA,95949,,
1607,CENTRAL AVE,Central Ave,LOS ALAMOS,Los Alamos,NM,87544,,
10193,WOODLEAF CIRCLE,Woodleaf Circle,Grass Valley,Grass Valley,CA,95949,,
95,CARONE LN,Carone Ln,SANTA ROSA BEACH,Santa Rosa Beach,FL,32459,,
14823,RYDER COURT,Ryder Court,Grass Valley,Grass Valley,CA,95949,,
1316,S CO HIGHWAY 393,S Co Highway 393,SANTA ROSA BEACH,Santa Rosa Beach,FL,32459,,
1540,NE VISTA WAY,Ne Vista Way,GRESHAM,Gresham,OR,97030,,
1224,N SUPERIOR ST,N Superior St,TOLEDO,Toledo,OH,43604,,
2006,SUNNYBROOK DR,Sunnybrook Dr,BURLINGTON,Burlington,NC,27215,,
10060,GOLDEN SHORE DRIVE,Golden Shore Drive,Grass Valley,Grass Valley,CA,95949,,
124,CANYON VISTA,Canyon Vista,LOS ALAMOS,Los Alamos,NM,87547,,
19004,SE CLINTON ST,Se Clinton St,GRESHAM,Gresham,OR,97030,,
43,PAUL ALSTON DR,Paul Alston Dr,SILER CITY,Siler City,NC,27344,,
148,COLE LN,Cole Ln,DEFUNIAK SPRINGS,Defuniak Springs,FL,32433,,
634,BEACH AV,Beach Av,ROCHESTER,Rochester,NY,14612,,